county,imprinted_id,cvr_id,contest_count,contest_name
Adams,101-285-1,379206,3,17th Judicial District Ballot Question 7B
Adams,101-285-1,379206,3,Adams County Ballot Issue 1A
Adams,101-285-1,379206,3,Regional Transportation District Ballot Issue 7A
Adams,101-484-89,667784,4,17th Judicial District Ballot Question 7B
Adams,101-484-89,667784,4,Adams County Ballot Issue 1A
Adams,101-484-89,667784,4,Regional Transportation District Ballot Issue 7A
Adams,101-484-89,667784,4,South Adams County Water and Sanitation District Ballot Issue No. 6A
Adams,102-287-59,549461,4,17th Judicial District Ballot Question 7B
Adams,102-287-59,549461,4,Adams County Ballot Issue 1A
Adams,102-287-59,549461,4,Regional Transportation District Ballot Issue 7A
Adams,102-287-59,549461,4,South Adams County Water and Sanitation District Ballot Issue No. 6A
Adams,102-53-9,53971,3,17th Judicial District Ballot Question 7B
Adams,102-53-9,53971,3,Adams County Ballot Issue 1A
Adams,102-53-9,53971,3,Regional Transportation District Ballot Issue 7A
Adams,102-71-40,58345,4,17th Judicial District Ballot Question 7B
Adams,102-71-40,58345,4,Adams County Ballot Issue 1A
Adams,102-71-40,58345,4,City of Thornton Question 2A
Adams,102-71-40,58345,4,Regional Transportation District Ballot Issue 7A
Adams,103-145-9,106491,4,17th Judicial District Ballot Question 7B
Adams,103-145-9,106491,4,Adams County Ballot Issue 1A
Adams,103-145-9,106491,4,City of Thornton Question 2A
Adams,103-145-9,106491,4,Regional Transportation District Ballot Issue 7A
Adams,103-464-83,448128,4,17th Judicial District Ballot Question 7B
Adams,103-464-83,448128,4,Adams County Ballot Issue 1A
Adams,103-464-83,448128,4,City of Thornton Question 2A
Adams,103-464-83,448128,4,Regional Transportation District Ballot Issue 7A
Adams,103-470-87,452172,4,17th Judicial District Ballot Question 7B
Adams,103-470-87,452172,4,Adams County Ballot Issue 1A
Adams,103-470-87,452172,4,Regional Transportation District Ballot Issue 7A
Adams,103-470-87,452172,4,South Adams County Water and Sanitation District Ballot Issue No. 6A
Adams,103-482-7,464133,4,17th Judicial District Ballot Question 7B
Adams,103-482-7,464133,4,Adams County Ballot Issue 1A
Adams,103-482-7,464133,4,Regional Transportation District Ballot Issue 7A
Adams,103-482-7,464133,4,South Adams County Water and Sanitation District Ballot Issue No. 6A
Adams,103-503-55,484011,2,17th Judicial District Ballot Question 7B
Adams,103-503-55,484011,2,Adams County Ballot Issue 1A
Adams,103-583-54,592501,4,17th Judicial District Ballot Question 7B
Adams,103-583-54,592501,4,Adams County Ballot Issue 1A
Adams,103-583-54,592501,4,Regional Transportation District Ballot Issue 7A
Adams,103-583-54,592501,4,South Adams County Water and Sanitation District Ballot Issue No. 6A
Adams,104-126-66,442320,4,17th Judicial District Ballot Question 7B
Adams,104-126-66,442320,4,Adams County Ballot Issue 1A
Adams,104-126-66,442320,4,Regional Transportation District Ballot Issue 7A
Adams,104-126-66,442320,4,Westminster Public Schools Ballot Issue 4C
Adams,104-242-54,734194,4,17th Judicial District Ballot Question 7B
Adams,104-242-54,734194,4,Adams County Ballot Issue 1A
Adams,104-242-54,734194,4,Regional Transportation District Ballot Issue 7A
Adams,104-242-54,734194,4,South Adams County Water and Sanitation District Ballot Issue No. 6A
Adams,105-131-31,360119,4,17th Judicial District Ballot Question 7B
Adams,105-131-31,360119,4,Adams County Ballot Issue 1A
Adams,105-131-31,360119,4,Regional Transportation District Ballot Issue 7A
Adams,105-131-31,360119,4,South Adams County Water and Sanitation District Ballot Issue No. 6A
Adams,106-207-16,172640,4,17th Judicial District Ballot Question 7B
Adams,106-207-16,172640,4,Adams County Ballot Issue 1A
Adams,106-207-16,172640,4,Regional Transportation District Ballot Issue 7A
Adams,106-207-16,172640,4,South Adams County Water and Sanitation District Ballot Issue No. 6A
Adams,106-288-33,247980,4,17th Judicial District Ballot Question 7B
Adams,106-288-33,247980,4,Adams County Ballot Issue 1A
Adams,106-288-33,247980,4,Regional Transportation District Ballot Issue 7A
Adams,106-288-33,247980,4,South Adams County Water and Sanitation District Ballot Issue No. 6A
Adams,106-523-33,494898,4,17th Judicial District Ballot Question 7B
Adams,106-523-33,494898,4,Adams County Ballot Issue 1A
Adams,106-523-33,494898,4,City of Thornton Question 2A
Adams,106-523-33,494898,4,Regional Transportation District Ballot Issue 7A
Adams,106-586-12,543942,4,17th Judicial District Ballot Question 7B
Adams,106-586-12,543942,4,Adams County Ballot Issue 1A
Adams,106-586-12,543942,4,City of Thornton Question 2A
Adams,106-586-12,543942,4,Regional Transportation District Ballot Issue 7A
Adams,107-145-18,205423,3,17th Judicial District Ballot Question 7B
Adams,107-145-18,205423,3,Adams County Ballot Issue 1A
Adams,107-145-18,205423,3,Regional Transportation District Ballot Issue 7A
Adams,107-145-24,205441,3,17th Judicial District Ballot Question 7B
Adams,107-145-24,205441,3,Adams County Ballot Issue 1A
Adams,107-145-24,205441,3,Regional Transportation District Ballot Issue 7A
Adams,108-28-99,33440,2,17th Judicial District Ballot Question 7B
Adams,108-28-99,33440,2,Adams County Ballot Issue 1A
Adams,108-49-1,54186,4,17th Judicial District Ballot Question 7B
Adams,108-49-1,54186,4,Adams County Ballot Issue 1A
Adams,108-49-1,54186,4,Regional Transportation District Ballot Issue 7A
Adams,108-49-1,54186,4,South Adams County Water and Sanitation District Ballot Issue No. 6A
Adams,109-111-7,83061,3,17th Judicial District Ballot Question 7B
Adams,109-111-7,83061,3,Adams County Ballot Issue 1A
Adams,109-111-7,83061,3,Regional Transportation District Ballot Issue 7A
Adams,109-143-10,144040,3,17th Judicial District Ballot Question 7B
Adams,109-143-10,144040,3,Adams County Ballot Issue 1A
Adams,109-143-10,144040,3,Regional Transportation District Ballot Issue 7A
Adams,109-176-83,210964,3,17th Judicial District Ballot Question 7B
Adams,109-176-83,210964,3,Adams County Ballot Issue 1A
Adams,109-176-83,210964,3,Regional Transportation District Ballot Issue 7A
Adams,109-281-59,383659,3,17th Judicial District Ballot Question 7B
Adams,109-281-59,383659,3,Adams County Ballot Issue 1A
Adams,109-281-59,383659,3,Regional Transportation District Ballot Issue 7A
Adams,110-156-3,151418,4,17th Judicial District Ballot Question 7B
Adams,110-156-3,151418,4,Adams County Ballot Issue 1A
Adams,110-156-3,151418,4,Hyland Hills Park and Recreation District Ballot Issue No. 6B
Adams,110-156-3,151418,4,Regional Transportation District Ballot Issue 7A
Adams,110-245-92,376233,4,17th Judicial District Ballot Question 7B
Adams,110-245-92,376233,4,Adams County Ballot Issue 1A
Adams,110-245-92,376233,4,City of Thornton Question 2A
Adams,110-245-92,376233,4,Regional Transportation District Ballot Issue 7A
Adams,110-37-5,36219,2,17th Judicial District Ballot Question 7B
Adams,110-37-5,36219,2,Adams County Ballot Issue 1A
Adams,110-382-53,732044,4,17th Judicial District Ballot Question 7B
Adams,110-382-53,732044,4,Adams County Ballot Issue 1A
Adams,110-382-53,732044,4,Regional Transportation District Ballot Issue 7A
Adams,110-382-53,732044,4,South Adams County Water and Sanitation District Ballot Issue No. 6A
Adams,110-42-95,40006,3,17th Judicial District Ballot Question 7B
Adams,110-42-95,40006,3,Adams County Ballot Issue 1A
Adams,110-42-95,40006,3,Regional Transportation District Ballot Issue 7A
Adams,110-53-86,49442,4,17th Judicial District Ballot Question 7B
Adams,110-53-86,49442,4,Adams County Ballot Issue 1A
Adams,110-53-86,49442,4,Regional Transportation District Ballot Issue 7A
Adams,110-53-86,49442,4,South Adams County Water and Sanitation District Ballot Issue No. 6A
Adams,112-201-92,221244,4,17th Judicial District Ballot Question 7B
Adams,112-201-92,221244,4,Adams County Ballot Issue 1A
Adams,112-201-92,221244,4,Regional Transportation District Ballot Issue 7A
Adams,112-201-92,221244,4,South Adams County Water and Sanitation District Ballot Issue No. 6A
Adams,112-283-59,366550,4,17th Judicial District Ballot Question 7B
Adams,112-283-59,366550,4,Adams County Ballot Issue 1A
Adams,112-283-59,366550,4,City of Thornton Question 2A
Adams,112-283-59,366550,4,Regional Transportation District Ballot Issue 7A
Adams,112-338-19,427040,2,17th Judicial District Ballot Question 7B
Adams,112-338-19,427040,2,Adams County Ballot Issue 1A
Adams,112-64-62,78659,3,17th Judicial District Ballot Question 7B
Adams,112-64-62,78659,3,Adams County Ballot Issue 1A
Adams,112-64-62,78659,3,Regional Transportation District Ballot Issue 7A
Alamosa,102-112-22,101532,4,Alamosa School District RE-11J Ballot Issue 5A
Alamosa,102-112-22,101532,4,Proposition 129 (STATUTORY)
Alamosa,102-112-22,101532,4,Proposition 130 (STATUTORY)
Alamosa,102-112-22,101532,4,Proposition 131 (STATUTORY)
Alamosa,102-121-18,102483,3,Proposition 129 (STATUTORY)
Alamosa,102-121-18,102483,3,Proposition 130 (STATUTORY)
Alamosa,102-121-18,102483,3,Proposition 131 (STATUTORY)
Alamosa,102-125-32,103021,4,Alamosa School District RE-11J Ballot Issue 5A
Alamosa,102-125-32,103021,4,Proposition 129 (STATUTORY)
Alamosa,102-125-32,103021,4,Proposition 130 (STATUTORY)
Alamosa,102-125-32,103021,4,Proposition 131 (STATUTORY)
Alamosa,102-130-18,103486,4,Alamosa School District RE-11J Ballot Issue 5A
Alamosa,102-130-18,103486,4,Proposition 129 (STATUTORY)
Alamosa,102-130-18,103486,4,Proposition 130 (STATUTORY)
Alamosa,102-130-18,103486,4,Proposition 131 (STATUTORY)
Alamosa,102-135-40,103805,4,Alamosa School District RE-11J Ballot Issue 5A
Alamosa,102-135-40,103805,4,Proposition 129 (STATUTORY)
Alamosa,102-135-40,103805,4,Proposition 130 (STATUTORY)
Alamosa,102-135-40,103805,4,Proposition 131 (STATUTORY)
Alamosa,102-136-18,103858,4,Alamosa School District RE-11J Ballot Issue 5A
Alamosa,102-136-18,103858,4,Proposition 129 (STATUTORY)
Alamosa,102-136-18,103858,4,Proposition 130 (STATUTORY)
Alamosa,102-136-18,103858,4,Proposition 131 (STATUTORY)
Alamosa,102-197-6,109234,4,Alamosa School District RE-11J Ballot Issue 5A
Alamosa,102-197-6,109234,4,Proposition 129 (STATUTORY)
Alamosa,102-197-6,109234,4,Proposition 130 (STATUTORY)
Alamosa,102-197-6,109234,4,Proposition 131 (STATUTORY)
Alamosa,102-247-28,113341,4,Alamosa School District RE-11J Ballot Issue 5A
Alamosa,102-247-28,113341,4,Proposition 129 (STATUTORY)
Alamosa,102-247-28,113341,4,Proposition 130 (STATUTORY)
Alamosa,102-247-28,113341,4,Proposition 131 (STATUTORY)
Alamosa,102-248-28,113398,4,Alamosa School District RE-11J Ballot Issue 5A
Alamosa,102-248-28,113398,4,Proposition 129 (STATUTORY)
Alamosa,102-248-28,113398,4,Proposition 130 (STATUTORY)
Alamosa,102-248-28,113398,4,Proposition 131 (STATUTORY)
Alamosa,102-260-42,114481,3,Proposition 129 (STATUTORY)
Alamosa,102-260-42,114481,3,Proposition 130 (STATUTORY)
Alamosa,102-260-42,114481,3,Proposition 131 (STATUTORY)
Alamosa,102-265-8,114883,4,Alamosa School District RE-11J Ballot Issue 5A
Alamosa,102-265-8,114883,4,Proposition 129 (STATUTORY)
Alamosa,102-265-8,114883,4,Proposition 130 (STATUTORY)
Alamosa,102-265-8,114883,4,Proposition 131 (STATUTORY)
Alamosa,102-275-36,115955,4,Alamosa School District RE-11J Ballot Issue 5A
Alamosa,102-275-36,115955,4,Proposition 129 (STATUTORY)
Alamosa,102-275-36,115955,4,Proposition 130 (STATUTORY)
Alamosa,102-275-36,115955,4,Proposition 131 (STATUTORY)
Alamosa,102-278-6,116145,4,Alamosa School District RE-11J Ballot Issue 5A
Alamosa,102-278-6,116145,4,Proposition 129 (STATUTORY)
Alamosa,102-278-6,116145,4,Proposition 130 (STATUTORY)
Alamosa,102-278-6,116145,4,Proposition 131 (STATUTORY)
Alamosa,102-49-22,96559,4,Alamosa School District RE-11J Ballot Issue 5A
Alamosa,102-49-22,96559,4,Proposition 129 (STATUTORY)
Alamosa,102-49-22,96559,4,Proposition 130 (STATUTORY)
Alamosa,102-49-22,96559,4,Proposition 131 (STATUTORY)
Alamosa,102-63-14,97654,3,Proposition 129 (STATUTORY)
Alamosa,102-63-14,97654,3,Proposition 130 (STATUTORY)
Alamosa,102-63-14,97654,3,Proposition 131 (STATUTORY)
Baca,102-1-1,314813,1,Walsh Hospital District Ballot Issue 6A
Baca,102-62-20,320037,1,Walsh Hospital District Ballot Issue 6A
Dolores,102-48-12,1428302,1,Rico Fire Protection District Ballot Question 6B
Dolores,102-50-24,1428472,1,Dove Creek Ambulance District Ballot Issue 6A
Dolores,102-51-6,1428493,1,Dove Creek Ambulance District Ballot Issue 6A
Eagle,101-1057-6,1626342,1,Eagle River Fire Protection District Ballot Issue 6A
Fremont,102-1038-7,1898993,2,CANON CITY AREA METROPOLITAN RECREATION AND PARK DISTRICT ISSUE #6A OPERATING MILL LEVY
Fremont,102-1038-7,1898993,2,CANON CITY AREA METROPOLITAN RECREATION AND PARK DISTRICT ISSUE #6B POOL DEBT FINANCING
Jefferson,101-152-17,4167655,1,Foothills Park & Recreation District Ballot Issue 6D
Kiowa,103-36-7,2738294,1,Kiowa County Hospital District Ballot Question 6A
Kiowa,103-38-10,2738499,1,Kiowa County Hospital District Ballot Question 6A
Kiowa,103-39-13,2738509,1,Kiowa County Hospital District Ballot Question 6A
Kiowa,103-39-4,2738520,1,Kiowa County Hospital District Ballot Question 6A
Kiowa,103-40-1,2738527,1,Kiowa County Hospital District Ballot Question 6A
Kiowa,103-40-21,2738525,1,Kiowa County Hospital District Ballot Question 6A
Kiowa,103-41-4,2738559,1,Kiowa County Hospital District Ballot Question 6A
Kiowa,103-42-4,2738594,1,Kiowa County Hospital District Ballot Question 6A
Kiowa,103-43-10,2738609,1,Kiowa County Hospital District Ballot Question 6A
Kit Carson,101-155-14,2821079,1,Flagler Rural Fire Protection District Ballot Issue 6C
Kit Carson,101-80-16,2815050,1,Flagler Rural Fire Protection District Ballot Issue 6C
Kit Carson,101-80-6,2815043,1,Flagler Rural Fire Protection District Ballot Issue 6C
Larimer,101-162-79,4029213,4,Larimer County Ballot Issue 1A
Larimer,101-162-79,4029213,4,Proposition 129 (STATUTORY)
Larimer,101-162-79,4029213,4,Proposition 130 (STATUTORY)
Larimer,101-162-79,4029213,4,Proposition 131 (STATUTORY)
Larimer,101-234-150,4275160,4,Larimer County Ballot Issue 1A
Larimer,101-234-150,4275160,4,Proposition 129 (STATUTORY)
Larimer,101-234-150,4275160,4,Proposition 130 (STATUTORY)
Larimer,101-234-150,4275160,4,Proposition 131 (STATUTORY)
Larimer,106-35-38,3577807,4,Larimer County Ballot Issue 1A
Larimer,106-35-38,3577807,4,Proposition 129 (STATUTORY)
Larimer,106-35-38,3577807,4,Proposition 130 (STATUTORY)
Larimer,106-35-38,3577807,4,Proposition 131 (STATUTORY)
Larimer,106-5-169,3268777,4,Larimer County Ballot Issue 1A
Larimer,106-5-169,3268777,4,Proposition 129 (STATUTORY)
Larimer,106-5-169,3268777,4,Proposition 130 (STATUTORY)
Larimer,106-5-169,3268777,4,Proposition 131 (STATUTORY)
Larimer,106-93-12,3909055,4,Larimer County Ballot Issue 1A
Larimer,106-93-12,3909055,4,Proposition 129 (STATUTORY)
Larimer,106-93-12,3909055,4,Proposition 130 (STATUTORY)
Larimer,106-93-12,3909055,4,Proposition 131 (STATUTORY)
Park,102-267-26,4334625,1,Hartsel Fire Protection District Ballot Issue 6A - Mill Levy Increase
Park,102-315-9,4335817,1,Hartsel Fire Protection District Ballot Issue 6A - Mill Levy Increase
Park,102-328-15,4336144,1,Ute Pass Regional Health Service District Ballot Issue 7A1
Park,102-328-22,4336141,1,Hartsel Fire Protection District Ballot Issue 6A - Mill Levy Increase
Park,102-369-21,4337175,1,Hartsel Fire Protection District Ballot Issue 6A - Mill Levy Increase
Park,102-519-10,4340902,1,Hartsel Fire Protection District Ballot Issue 6A - Mill Levy Increase
Pueblo,102-103-4,4381898,1,Pueblo County Rural 70 School District Ballot Issue 4A
Pueblo,102-120-72,4385149,1,Pueblo County Rural 70 School District Ballot Issue 4A
Pueblo,102-121-68,4385345,1,Pueblo County Rural 70 School District Ballot Issue 4A
Pueblo,102-125-82,4386886,1,Pueblo County Rural 70 School District Ballot Issue 4A
Pueblo,102-135-98,4389458,1,Pueblo County Rural 70 School District Ballot Issue 4A
Pueblo,102-140-24,4389984,4,City of Pueblo Ballot Question 2A - Charter Amendment - Municipal Court Maximum Fines
Pueblo,102-140-24,4389984,4,City of Pueblo Ballot Question 2B - Charter Amendment - Modernize Terms & Technology
Pueblo,102-140-24,4389984,4,City of Pueblo Ballot Question 2C - Charter Amendment - Greater Election Coordination
Pueblo,102-140-24,4389984,4,City of Pueblo Ballot Question 2D - Charter Amendment - Municipal Election Provisions
Pueblo,102-163-30,4396244,1,Pueblo County Rural 70 School District Ballot Issue 4A
Pueblo,102-178-88,4399822,1,Pueblo County Rural 70 School District Ballot Issue 4A
Pueblo,102-194-75,4403337,4,City of Pueblo Ballot Question 2A - Charter Amendment - Municipal Court Maximum Fines
Pueblo,102-194-75,4403337,4,City of Pueblo Ballot Question 2B - Charter Amendment - Modernize Terms & Technology
Pueblo,102-194-75,4403337,4,City of Pueblo Ballot Question 2C - Charter Amendment - Greater Election Coordination
Pueblo,102-194-75,4403337,4,City of Pueblo Ballot Question 2D - Charter Amendment - Municipal Election Provisions
Pueblo,102-206-6,4411094,4,City of Pueblo Ballot Question 2A - Charter Amendment - Municipal Court Maximum Fines
Pueblo,102-206-6,4411094,4,City of Pueblo Ballot Question 2B - Charter Amendment - Modernize Terms & Technology
Pueblo,102-206-6,4411094,4,City of Pueblo Ballot Question 2C - Charter Amendment - Greater Election Coordination
Pueblo,102-206-6,4411094,4,City of Pueblo Ballot Question 2D - Charter Amendment - Municipal Election Provisions
Pueblo,102-214-50,4411932,1,Pueblo County Rural 70 School District Ballot Issue 4A
Pueblo,102-217-57,4412504,4,City of Pueblo Ballot Question 2A - Charter Amendment - Municipal Court Maximum Fines
Pueblo,102-217-57,4412504,4,City of Pueblo Ballot Question 2B - Charter Amendment - Modernize Terms & Technology
Pueblo,102-217-57,4412504,4,City of Pueblo Ballot Question 2C - Charter Amendment - Greater Election Coordination
Pueblo,102-217-57,4412504,4,City of Pueblo Ballot Question 2D - Charter Amendment - Municipal Election Provisions
Pueblo,102-218-22,4412677,4,City of Pueblo Ballot Question 2A - Charter Amendment - Municipal Court Maximum Fines
Pueblo,102-218-22,4412677,4,City of Pueblo Ballot Question 2B - Charter Amendment - Modernize Terms & Technology
Pueblo,102-218-22,4412677,4,City of Pueblo Ballot Question 2C - Charter Amendment - Greater Election Coordination
Pueblo,102-218-22,4412677,4,City of Pueblo Ballot Question 2D - Charter Amendment - Municipal Election Provisions
Pueblo,102-220-46,4413072,4,City of Pueblo Ballot Question 2A - Charter Amendment - Municipal Court Maximum Fines
Pueblo,102-220-46,4413072,4,City of Pueblo Ballot Question 2B - Charter Amendment - Modernize Terms & Technology
Pueblo,102-220-46,4413072,4,City of Pueblo Ballot Question 2C - Charter Amendment - Greater Election Coordination
Pueblo,102-220-46,4413072,4,City of Pueblo Ballot Question 2D - Charter Amendment - Municipal Election Provisions
Pueblo,102-222-2,4413246,4,City of Pueblo Ballot Question 2A - Charter Amendment - Municipal Court Maximum Fines
Pueblo,102-222-2,4413246,4,City of Pueblo Ballot Question 2B - Charter Amendment - Modernize Terms & Technology
Pueblo,102-222-2,4413246,4,City of Pueblo Ballot Question 2C - Charter Amendment - Greater Election Coordination
Pueblo,102-222-2,4413246,4,City of Pueblo Ballot Question 2D - Charter Amendment - Municipal Election Provisions
Pueblo,102-224-2,4414033,1,Pueblo County Rural 70 School District Ballot Issue 4A
Pueblo,102-229-12,4418008,4,City of Pueblo Ballot Question 2A - Charter Amendment - Municipal Court Maximum Fines
Pueblo,102-229-12,4418008,4,City of Pueblo Ballot Question 2B - Charter Amendment - Modernize Terms & Technology
Pueblo,102-229-12,4418008,4,City of Pueblo Ballot Question 2C - Charter Amendment - Greater Election Coordination
Pueblo,102-229-12,4418008,4,City of Pueblo Ballot Question 2D - Charter Amendment - Municipal Election Provisions
Pueblo,102-236-68,4419640,1,Pueblo County Rural 70 School District Ballot Issue 4A
Pueblo,102-244-22,4420842,4,City of Pueblo Ballot Question 2A - Charter Amendment - Municipal Court Maximum Fines
Pueblo,102-244-22,4420842,4,City of Pueblo Ballot Question 2B - Charter Amendment - Modernize Terms & Technology
Pueblo,102-244-22,4420842,4,City of Pueblo Ballot Question 2C - Charter Amendment - Greater Election Coordination
Pueblo,102-244-22,4420842,4,City of Pueblo Ballot Question 2D - Charter Amendment - Municipal Election Provisions
Pueblo,102-250-34,4422070,4,City of Pueblo Ballot Question 2A - Charter Amendment - Municipal Court Maximum Fines
Pueblo,102-250-34,4422070,4,City of Pueblo Ballot Question 2B - Charter Amendment - Modernize Terms & Technology
Pueblo,102-250-34,4422070,4,City of Pueblo Ballot Question 2C - Charter Amendment - Greater Election Coordination
Pueblo,102-250-34,4422070,4,City of Pueblo Ballot Question 2D - Charter Amendment - Municipal Election Provisions
Pueblo,102-271-96,4426895,4,City of Pueblo Ballot Question 2A - Charter Amendment - Municipal Court Maximum Fines
Pueblo,102-271-96,4426895,4,City of Pueblo Ballot Question 2B - Charter Amendment - Modernize Terms & Technology
Pueblo,102-271-96,4426895,4,City of Pueblo Ballot Question 2C - Charter Amendment - Greater Election Coordination
Pueblo,102-271-96,4426895,4,City of Pueblo Ballot Question 2D - Charter Amendment - Municipal Election Provisions
Pueblo,102-284-86,4431028,1,Pueblo County Rural 70 School District Ballot Issue 4A
Pueblo,102-290-48,4432365,4,City of Pueblo Ballot Question 2A - Charter Amendment - Municipal Court Maximum Fines
Pueblo,102-290-48,4432365,4,City of Pueblo Ballot Question 2B - Charter Amendment - Modernize Terms & Technology
Pueblo,102-290-48,4432365,4,City of Pueblo Ballot Question 2C - Charter Amendment - Greater Election Coordination
Pueblo,102-290-48,4432365,4,City of Pueblo Ballot Question 2D - Charter Amendment - Municipal Election Provisions
Pueblo,102-293-14,4433095,4,City of Pueblo Ballot Question 2A - Charter Amendment - Municipal Court Maximum Fines
Pueblo,102-293-14,4433095,4,City of Pueblo Ballot Question 2B - Charter Amendment - Modernize Terms & Technology
Pueblo,102-293-14,4433095,4,City of Pueblo Ballot Question 2C - Charter Amendment - Greater Election Coordination
Pueblo,102-293-14,4433095,4,City of Pueblo Ballot Question 2D - Charter Amendment - Municipal Election Provisions
Pueblo,102-300-72,4434235,1,Pueblo County Rural 70 School District Ballot Issue 4A
Pueblo,102-307-68,4436134,4,City of Pueblo Ballot Question 2A - Charter Amendment - Municipal Court Maximum Fines
Pueblo,102-307-68,4436134,4,City of Pueblo Ballot Question 2B - Charter Amendment - Modernize Terms & Technology
Pueblo,102-307-68,4436134,4,City of Pueblo Ballot Question 2C - Charter Amendment - Greater Election Coordination
Pueblo,102-307-68,4436134,4,City of Pueblo Ballot Question 2D - Charter Amendment - Municipal Election Provisions
Pueblo,102-315-94,4436905,1,Pueblo County Rural 70 School District Ballot Issue 4A
Pueblo,102-319-56,4437348,4,City of Pueblo Ballot Question 2A - Charter Amendment - Municipal Court Maximum Fines
Pueblo,102-319-56,4437348,4,City of Pueblo Ballot Question 2B - Charter Amendment - Modernize Terms & Technology
Pueblo,102-319-56,4437348,4,City of Pueblo Ballot Question 2C - Charter Amendment - Greater Election Coordination
Pueblo,102-319-56,4437348,4,City of Pueblo Ballot Question 2D - Charter Amendment - Municipal Election Provisions
Pueblo,102-352-39,4440766,4,City of Pueblo Ballot Question 2A - Charter Amendment - Municipal Court Maximum Fines
Pueblo,102-352-39,4440766,4,City of Pueblo Ballot Question 2B - Charter Amendment - Modernize Terms & Technology
Pueblo,102-352-39,4440766,4,City of Pueblo Ballot Question 2C - Charter Amendment - Greater Election Coordination
Pueblo,102-352-39,4440766,4,City of Pueblo Ballot Question 2D - Charter Amendment - Municipal Election Provisions
Pueblo,102-358-12,4441407,1,Pueblo County Rural 70 School District Ballot Issue 4A
Pueblo,102-376-42,4444197,4,City of Pueblo Ballot Question 2A - Charter Amendment - Municipal Court Maximum Fines
Pueblo,102-376-42,4444197,4,City of Pueblo Ballot Question 2B - Charter Amendment - Modernize Terms & Technology
Pueblo,102-376-42,4444197,4,City of Pueblo Ballot Question 2C - Charter Amendment - Greater Election Coordination
Pueblo,102-376-42,4444197,4,City of Pueblo Ballot Question 2D - Charter Amendment - Municipal Election Provisions
Pueblo,102-383-88,4445841,4,City of Pueblo Ballot Question 2A - Charter Amendment - Municipal Court Maximum Fines
Pueblo,102-383-88,4445841,4,City of Pueblo Ballot Question 2B - Charter Amendment - Modernize Terms & Technology
Pueblo,102-383-88,4445841,4,City of Pueblo Ballot Question 2C - Charter Amendment - Greater Election Coordination
Pueblo,102-383-88,4445841,4,City of Pueblo Ballot Question 2D - Charter Amendment - Municipal Election Provisions
Pueblo,102-391-68,4449443,4,City of Pueblo Ballot Question 2A - Charter Amendment - Municipal Court Maximum Fines
Pueblo,102-391-68,4449443,4,City of Pueblo Ballot Question 2B - Charter Amendment - Modernize Terms & Technology
Pueblo,102-391-68,4449443,4,City of Pueblo Ballot Question 2C - Charter Amendment - Greater Election Coordination
Pueblo,102-391-68,4449443,4,City of Pueblo Ballot Question 2D - Charter Amendment - Municipal Election Provisions
Pueblo,102-401-63,4452050,4,City of Pueblo Ballot Question 2A - Charter Amendment - Municipal Court Maximum Fines
Pueblo,102-401-63,4452050,4,City of Pueblo Ballot Question 2B - Charter Amendment - Modernize Terms & Technology
Pueblo,102-401-63,4452050,4,City of Pueblo Ballot Question 2C - Charter Amendment - Greater Election Coordination
Pueblo,102-401-63,4452050,4,City of Pueblo Ballot Question 2D - Charter Amendment - Municipal Election Provisions
Pueblo,102-422-14,4458096,1,Pueblo County Rural 70 School District Ballot Issue 4A
Pueblo,102-449-66,4464575,4,City of Pueblo Ballot Question 2A - Charter Amendment - Municipal Court Maximum Fines
Pueblo,102-449-66,4464575,4,City of Pueblo Ballot Question 2B - Charter Amendment - Modernize Terms & Technology
Pueblo,102-449-66,4464575,4,City of Pueblo Ballot Question 2C - Charter Amendment - Greater Election Coordination
Pueblo,102-449-66,4464575,4,City of Pueblo Ballot Question 2D - Charter Amendment - Municipal Election Provisions
Pueblo,102-452-48,4464839,4,City of Pueblo Ballot Question 2A - Charter Amendment - Municipal Court Maximum Fines
Pueblo,102-452-48,4464839,4,City of Pueblo Ballot Question 2B - Charter Amendment - Modernize Terms & Technology
Pueblo,102-452-48,4464839,4,City of Pueblo Ballot Question 2C - Charter Amendment - Greater Election Coordination
Pueblo,102-452-48,4464839,4,City of Pueblo Ballot Question 2D - Charter Amendment - Municipal Election Provisions
Pueblo,102-454-96,4464967,4,City of Pueblo Ballot Question 2A - Charter Amendment - Municipal Court Maximum Fines
Pueblo,102-454-96,4464967,4,City of Pueblo Ballot Question 2B - Charter Amendment - Modernize Terms & Technology
Pueblo,102-454-96,4464967,4,City of Pueblo Ballot Question 2C - Charter Amendment - Greater Election Coordination
Pueblo,102-454-96,4464967,4,City of Pueblo Ballot Question 2D - Charter Amendment - Municipal Election Provisions
Pueblo,102-460-6,4465561,1,Pueblo County Rural 70 School District Ballot Issue 4A
Pueblo,102-474-76,4468293,4,City of Pueblo Ballot Question 2A - Charter Amendment - Municipal Court Maximum Fines
Pueblo,102-474-76,4468293,4,City of Pueblo Ballot Question 2B - Charter Amendment - Modernize Terms & Technology
Pueblo,102-474-76,4468293,4,City of Pueblo Ballot Question 2C - Charter Amendment - Greater Election Coordination
Pueblo,102-474-76,4468293,4,City of Pueblo Ballot Question 2D - Charter Amendment - Municipal Election Provisions
Pueblo,102-476-81,4468860,1,Pueblo County Rural 70 School District Ballot Issue 4A
Pueblo,102-484-26,4470551,1,Pueblo County Rural 70 School District Ballot Issue 4A
Pueblo,102-510-14,4485074,1,Pueblo County Rural 70 School District Ballot Issue 4A
Pueblo,102-517-52,4492785,4,City of Pueblo Ballot Question 2A - Charter Amendment - Municipal Court Maximum Fines
Pueblo,102-517-52,4492785,4,City of Pueblo Ballot Question 2B - Charter Amendment - Modernize Terms & Technology
Pueblo,102-517-52,4492785,4,City of Pueblo Ballot Question 2C - Charter Amendment - Greater Election Coordination
Pueblo,102-517-52,4492785,4,City of Pueblo Ballot Question 2D - Charter Amendment - Municipal Election Provisions
Pueblo,102-537-16,4498174,4,City of Pueblo Ballot Question 2A - Charter Amendment - Municipal Court Maximum Fines
Pueblo,102-537-16,4498174,4,City of Pueblo Ballot Question 2B - Charter Amendment - Modernize Terms & Technology
Pueblo,102-537-16,4498174,4,City of Pueblo Ballot Question 2C - Charter Amendment - Greater Election Coordination
Pueblo,102-537-16,4498174,4,City of Pueblo Ballot Question 2D - Charter Amendment - Municipal Election Provisions
Pueblo,102-557-26,4503238,4,City of Pueblo Ballot Question 2A - Charter Amendment - Municipal Court Maximum Fines
Pueblo,102-557-26,4503238,4,City of Pueblo Ballot Question 2B - Charter Amendment - Modernize Terms & Technology
Pueblo,102-557-26,4503238,4,City of Pueblo Ballot Question 2C - Charter Amendment - Greater Election Coordination
Pueblo,102-557-26,4503238,4,City of Pueblo Ballot Question 2D - Charter Amendment - Municipal Election Provisions
Pueblo,102-563-26,4505223,4,City of Pueblo Ballot Question 2A - Charter Amendment - Municipal Court Maximum Fines
Pueblo,102-563-26,4505223,4,City of Pueblo Ballot Question 2B - Charter Amendment - Modernize Terms & Technology
Pueblo,102-563-26,4505223,4,City of Pueblo Ballot Question 2C - Charter Amendment - Greater Election Coordination
Pueblo,102-563-26,4505223,4,City of Pueblo Ballot Question 2D - Charter Amendment - Municipal Election Provisions
Pueblo,102-579-59,4508452,1,Pueblo County Rural 70 School District Ballot Issue 4A
Pueblo,102-582-82,4509009,1,Pueblo County Rural 70 School District Ballot Issue 4A
Pueblo,102-594-42,4510844,4,City of Pueblo Ballot Question 2A - Charter Amendment - Municipal Court Maximum Fines
Pueblo,102-594-42,4510844,4,City of Pueblo Ballot Question 2B - Charter Amendment - Modernize Terms & Technology
Pueblo,102-594-42,4510844,4,City of Pueblo Ballot Question 2C - Charter Amendment - Greater Election Coordination
Pueblo,102-594-42,4510844,4,City of Pueblo Ballot Question 2D - Charter Amendment - Municipal Election Provisions
Pueblo,102-598-66,4512253,4,City of Pueblo Ballot Question 2A - Charter Amendment - Municipal Court Maximum Fines
Pueblo,102-598-66,4512253,4,City of Pueblo Ballot Question 2B - Charter Amendment - Modernize Terms & Technology
Pueblo,102-598-66,4512253,4,City of Pueblo Ballot Question 2C - Charter Amendment - Greater Election Coordination
Pueblo,102-598-66,4512253,4,City of Pueblo Ballot Question 2D - Charter Amendment - Municipal Election Provisions
Pueblo,102-612-10,4516491,4,City of Pueblo Ballot Question 2A - Charter Amendment - Municipal Court Maximum Fines
Pueblo,102-612-10,4516491,4,City of Pueblo Ballot Question 2B - Charter Amendment - Modernize Terms & Technology
Pueblo,102-612-10,4516491,4,City of Pueblo Ballot Question 2C - Charter Amendment - Greater Election Coordination
Pueblo,102-612-10,4516491,4,City of Pueblo Ballot Question 2D - Charter Amendment - Municipal Election Provisions
Pueblo,102-641-82,4523130,1,Pueblo County Rural 70 School District Ballot Issue 4A
Pueblo,102-651-20,4525941,1,Pueblo County Rural 70 School District Ballot Issue 4A
Pueblo,102-651-6,4525942,1,Pueblo County Rural 70 School District Ballot Issue 4A
Pueblo,102-659-32,4527711,4,City of Pueblo Ballot Question 2A - Charter Amendment - Municipal Court Maximum Fines
Pueblo,102-659-32,4527711,4,City of Pueblo Ballot Question 2B - Charter Amendment - Modernize Terms & Technology
Pueblo,102-659-32,4527711,4,City of Pueblo Ballot Question 2C - Charter Amendment - Greater Election Coordination
Pueblo,102-659-32,4527711,4,City of Pueblo Ballot Question 2D - Charter Amendment - Municipal Election Provisions
Pueblo,102-79-68,4376695,1,Pueblo County Rural 70 School District Ballot Issue 4A
Pueblo,102-80-38,4377060,1,Pueblo County Rural 70 School District Ballot Issue 4A
Pueblo,102-85-22,4378415,4,City of Pueblo Ballot Question 2A - Charter Amendment - Municipal Court Maximum Fines
Pueblo,102-85-22,4378415,4,City of Pueblo Ballot Question 2B - Charter Amendment - Modernize Terms & Technology
Pueblo,102-85-22,4378415,4,City of Pueblo Ballot Question 2C - Charter Amendment - Greater Election Coordination
Pueblo,102-85-22,4378415,4,City of Pueblo Ballot Question 2D - Charter Amendment - Municipal Election Provisions
Pueblo,102-90-48,4379163,1,Pueblo County Rural 70 School District Ballot Issue 4A
Pueblo,104-102-72,4553526,4,City of Pueblo Ballot Question 2A - Charter Amendment - Municipal Court Maximum Fines
Pueblo,104-102-72,4553526,4,City of Pueblo Ballot Question 2B - Charter Amendment - Modernize Terms & Technology
Pueblo,104-102-72,4553526,4,City of Pueblo Ballot Question 2C - Charter Amendment - Greater Election Coordination
Pueblo,104-102-72,4553526,4,City of Pueblo Ballot Question 2D - Charter Amendment - Municipal Election Provisions
Pueblo,104-11-10,4535257,4,City of Pueblo Ballot Question 2A - Charter Amendment - Municipal Court Maximum Fines
Pueblo,104-11-10,4535257,4,City of Pueblo Ballot Question 2B - Charter Amendment - Modernize Terms & Technology
Pueblo,104-11-10,4535257,4,City of Pueblo Ballot Question 2C - Charter Amendment - Greater Election Coordination
Pueblo,104-11-10,4535257,4,City of Pueblo Ballot Question 2D - Charter Amendment - Municipal Election Provisions
Pueblo,104-122-54,4556347,1,Pueblo County Rural 70 School District Ballot Issue 4A
Pueblo,104-125-78,4557072,1,Pueblo County Rural 70 School District Ballot Issue 4A
Pueblo,104-13-76,4535648,1,Pueblo County Rural 70 School District Ballot Issue 4A
Pueblo,104-137-80,4559178,4,City of Pueblo Ballot Question 2A - Charter Amendment - Municipal Court Maximum Fines
Pueblo,104-137-80,4559178,4,City of Pueblo Ballot Question 2B - Charter Amendment - Modernize Terms & Technology
Pueblo,104-137-80,4559178,4,City of Pueblo Ballot Question 2C - Charter Amendment - Greater Election Coordination
Pueblo,104-137-80,4559178,4,City of Pueblo Ballot Question 2D - Charter Amendment - Municipal Election Provisions
Pueblo,104-15-26,4536000,4,City of Pueblo Ballot Question 2A - Charter Amendment - Municipal Court Maximum Fines
Pueblo,104-15-26,4536000,4,City of Pueblo Ballot Question 2B - Charter Amendment - Modernize Terms & Technology
Pueblo,104-15-26,4536000,4,City of Pueblo Ballot Question 2C - Charter Amendment - Greater Election Coordination
Pueblo,104-15-26,4536000,4,City of Pueblo Ballot Question 2D - Charter Amendment - Municipal Election Provisions
Pueblo,104-21-26,4538589,4,City of Pueblo Ballot Question 2A - Charter Amendment - Municipal Court Maximum Fines
Pueblo,104-21-26,4538589,4,City of Pueblo Ballot Question 2B - Charter Amendment - Modernize Terms & Technology
Pueblo,104-21-26,4538589,4,City of Pueblo Ballot Question 2C - Charter Amendment - Greater Election Coordination
Pueblo,104-21-26,4538589,4,City of Pueblo Ballot Question 2D - Charter Amendment - Municipal Election Provisions
Pueblo,104-22-88,4538790,4,City of Pueblo Ballot Question 2A - Charter Amendment - Municipal Court Maximum Fines
Pueblo,104-22-88,4538790,4,City of Pueblo Ballot Question 2B - Charter Amendment - Modernize Terms & Technology
Pueblo,104-22-88,4538790,4,City of Pueblo Ballot Question 2C - Charter Amendment - Greater Election Coordination
Pueblo,104-22-88,4538790,4,City of Pueblo Ballot Question 2D - Charter Amendment - Municipal Election Provisions
Pueblo,104-24-70,4539229,4,City of Pueblo Ballot Question 2A - Charter Amendment - Municipal Court Maximum Fines
Pueblo,104-24-70,4539229,4,City of Pueblo Ballot Question 2B - Charter Amendment - Modernize Terms & Technology
Pueblo,104-24-70,4539229,4,City of Pueblo Ballot Question 2C - Charter Amendment - Greater Election Coordination
Pueblo,104-24-70,4539229,4,City of Pueblo Ballot Question 2D - Charter Amendment - Municipal Election Provisions
Pueblo,104-32-68,4540591,4,City of Pueblo Ballot Question 2A - Charter Amendment - Municipal Court Maximum Fines
Pueblo,104-32-68,4540591,4,City of Pueblo Ballot Question 2B - Charter Amendment - Modernize Terms & Technology
Pueblo,104-32-68,4540591,4,City of Pueblo Ballot Question 2C - Charter Amendment - Greater Election Coordination
Pueblo,104-32-68,4540591,4,City of Pueblo Ballot Question 2D - Charter Amendment - Municipal Election Provisions
Pueblo,104-66-68,4546652,4,City of Pueblo Ballot Question 2A - Charter Amendment - Municipal Court Maximum Fines
Pueblo,104-66-68,4546652,4,City of Pueblo Ballot Question 2B - Charter Amendment - Modernize Terms & Technology
Pueblo,104-66-68,4546652,4,City of Pueblo Ballot Question 2C - Charter Amendment - Greater Election Coordination
Pueblo,104-66-68,4546652,4,City of Pueblo Ballot Question 2D - Charter Amendment - Municipal Election Provisions
Pueblo,104-7-57,4534368,4,City of Pueblo Ballot Question 2A - Charter Amendment - Municipal Court Maximum Fines
Pueblo,104-7-57,4534368,4,City of Pueblo Ballot Question 2B - Charter Amendment - Modernize Terms & Technology
Pueblo,104-7-57,4534368,4,City of Pueblo Ballot Question 2C - Charter Amendment - Greater Election Coordination
Pueblo,104-7-57,4534368,4,City of Pueblo Ballot Question 2D - Charter Amendment - Municipal Election Provisions
Pueblo,104-70-74,4547499,1,Pueblo County Rural 70 School District Ballot Issue 4A
Pueblo,104-81-6,4548994,4,City of Pueblo Ballot Question 2A - Charter Amendment - Municipal Court Maximum Fines
Pueblo,104-81-6,4548994,4,City of Pueblo Ballot Question 2B - Charter Amendment - Modernize Terms & Technology
Pueblo,104-81-6,4548994,4,City of Pueblo Ballot Question 2C - Charter Amendment - Greater Election Coordination
Pueblo,104-81-6,4548994,4,City of Pueblo Ballot Question 2D - Charter Amendment - Municipal Election Provisions
Pueblo,104-93-72,4551607,1,Pueblo County Rural 70 School District Ballot Issue 4A
Pueblo,105-102-81,4385795,4,City of Pueblo Ballot Question 2A - Charter Amendment - Municipal Court Maximum Fines
Pueblo,105-102-81,4385795,4,City of Pueblo Ballot Question 2B - Charter Amendment - Modernize Terms & Technology
Pueblo,105-102-81,4385795,4,City of Pueblo Ballot Question 2C - Charter Amendment - Greater Election Coordination
Pueblo,105-102-81,4385795,4,City of Pueblo Ballot Question 2D - Charter Amendment - Municipal Election Provisions
Pueblo,105-13-90,4364626,1,Pueblo County Rural 70 School District Ballot Issue 4A
Pueblo,105-133-10,4391966,4,City of Pueblo Ballot Question 2A - Charter Amendment - Municipal Court Maximum Fines
Pueblo,105-133-10,4391966,4,City of Pueblo Ballot Question 2B - Charter Amendment - Modernize Terms & Technology
Pueblo,105-133-10,4391966,4,City of Pueblo Ballot Question 2C - Charter Amendment - Greater Election Coordination
Pueblo,105-133-10,4391966,4,City of Pueblo Ballot Question 2D - Charter Amendment - Municipal Election Provisions
Pueblo,105-144-94,4393694,4,City of Pueblo Ballot Question 2A - Charter Amendment - Municipal Court Maximum Fines
Pueblo,105-144-94,4393694,4,City of Pueblo Ballot Question 2B - Charter Amendment - Modernize Terms & Technology
Pueblo,105-144-94,4393694,4,City of Pueblo Ballot Question 2C - Charter Amendment - Greater Election Coordination
Pueblo,105-144-94,4393694,4,City of Pueblo Ballot Question 2D - Charter Amendment - Municipal Election Provisions
Pueblo,105-148-15,4397131,4,City of Pueblo Ballot Question 2A - Charter Amendment - Municipal Court Maximum Fines
Pueblo,105-148-15,4397131,4,City of Pueblo Ballot Question 2B - Charter Amendment - Modernize Terms & Technology
Pueblo,105-148-15,4397131,4,City of Pueblo Ballot Question 2C - Charter Amendment - Greater Election Coordination
Pueblo,105-148-15,4397131,4,City of Pueblo Ballot Question 2D - Charter Amendment - Municipal Election Provisions
Pueblo,105-158-86,4398653,1,Pueblo County Rural 70 School District Ballot Issue 4A
Pueblo,105-168-40,4400603,4,City of Pueblo Ballot Question 2A - Charter Amendment - Municipal Court Maximum Fines
Pueblo,105-168-40,4400603,4,City of Pueblo Ballot Question 2B - Charter Amendment - Modernize Terms & Technology
Pueblo,105-168-40,4400603,4,City of Pueblo Ballot Question 2C - Charter Amendment - Greater Election Coordination
Pueblo,105-168-40,4400603,4,City of Pueblo Ballot Question 2D - Charter Amendment - Municipal Election Provisions
Pueblo,105-182-50,4404329,4,City of Pueblo Ballot Question 2A - Charter Amendment - Municipal Court Maximum Fines
Pueblo,105-182-50,4404329,4,City of Pueblo Ballot Question 2B - Charter Amendment - Modernize Terms & Technology
Pueblo,105-182-50,4404329,4,City of Pueblo Ballot Question 2C - Charter Amendment - Greater Election Coordination
Pueblo,105-182-50,4404329,4,City of Pueblo Ballot Question 2D - Charter Amendment - Municipal Election Provisions
Pueblo,105-182-58,4404369,1,Pueblo County Rural 70 School District Ballot Issue 4A
Pueblo,105-183-48,4404516,4,City of Pueblo Ballot Question 2A - Charter Amendment - Municipal Court Maximum Fines
Pueblo,105-183-48,4404516,4,City of Pueblo Ballot Question 2B - Charter Amendment - Modernize Terms & Technology
Pueblo,105-183-48,4404516,4,City of Pueblo Ballot Question 2C - Charter Amendment - Greater Election Coordination
Pueblo,105-183-48,4404516,4,City of Pueblo Ballot Question 2D - Charter Amendment - Municipal Election Provisions
Pueblo,105-184-16,4404554,4,City of Pueblo Ballot Question 2A - Charter Amendment - Municipal Court Maximum Fines
Pueblo,105-184-16,4404554,4,City of Pueblo Ballot Question 2B - Charter Amendment - Modernize Terms & Technology
Pueblo,105-184-16,4404554,4,City of Pueblo Ballot Question 2C - Charter Amendment - Greater Election Coordination
Pueblo,105-184-16,4404554,4,City of Pueblo Ballot Question 2D - Charter Amendment - Municipal Election Provisions
Pueblo,105-187-60,4405104,1,Pueblo County Rural 70 School District Ballot Issue 4A
Pueblo,105-190-2,4405674,4,City of Pueblo Ballot Question 2A - Charter Amendment - Municipal Court Maximum Fines
Pueblo,105-190-2,4405674,4,City of Pueblo Ballot Question 2B - Charter Amendment - Modernize Terms & Technology
Pueblo,105-190-2,4405674,4,City of Pueblo Ballot Question 2C - Charter Amendment - Greater Election Coordination
Pueblo,105-190-2,4405674,4,City of Pueblo Ballot Question 2D - Charter Amendment - Municipal Election Provisions
Pueblo,105-2-63,4363533,4,City of Pueblo Ballot Question 2A - Charter Amendment - Municipal Court Maximum Fines
Pueblo,105-2-63,4363533,4,City of Pueblo Ballot Question 2B - Charter Amendment - Modernize Terms & Technology
Pueblo,105-2-63,4363533,4,City of Pueblo Ballot Question 2C - Charter Amendment - Greater Election Coordination
Pueblo,105-2-63,4363533,4,City of Pueblo Ballot Question 2D - Charter Amendment - Municipal Election Provisions
Pueblo,105-20-88,4365292,4,City of Pueblo Ballot Question 2A - Charter Amendment - Municipal Court Maximum Fines
Pueblo,105-20-88,4365292,4,City of Pueblo Ballot Question 2B - Charter Amendment - Modernize Terms & Technology
Pueblo,105-20-88,4365292,4,City of Pueblo Ballot Question 2C - Charter Amendment - Greater Election Coordination
Pueblo,105-20-88,4365292,4,City of Pueblo Ballot Question 2D - Charter Amendment - Municipal Election Provisions
Pueblo,105-207-2,4408700,4,City of Pueblo Ballot Question 2A - Charter Amendment - Municipal Court Maximum Fines
Pueblo,105-207-2,4408700,4,City of Pueblo Ballot Question 2B - Charter Amendment - Modernize Terms & Technology
Pueblo,105-207-2,4408700,4,City of Pueblo Ballot Question 2C - Charter Amendment - Greater Election Coordination
Pueblo,105-207-2,4408700,4,City of Pueblo Ballot Question 2D - Charter Amendment - Municipal Election Provisions
Pueblo,105-21-70,4365470,4,City of Pueblo Ballot Question 2A - Charter Amendment - Municipal Court Maximum Fines
Pueblo,105-21-70,4365470,4,City of Pueblo Ballot Question 2B - Charter Amendment - Modernize Terms & Technology
Pueblo,105-21-70,4365470,4,City of Pueblo Ballot Question 2C - Charter Amendment - Greater Election Coordination
Pueblo,105-21-70,4365470,4,City of Pueblo Ballot Question 2D - Charter Amendment - Municipal Election Provisions
Pueblo,105-227-46,4412816,4,City of Pueblo Ballot Question 2A - Charter Amendment - Municipal Court Maximum Fines
Pueblo,105-227-46,4412816,4,City of Pueblo Ballot Question 2B - Charter Amendment - Modernize Terms & Technology
Pueblo,105-227-46,4412816,4,City of Pueblo Ballot Question 2C - Charter Amendment - Greater Election Coordination
Pueblo,105-227-46,4412816,4,City of Pueblo Ballot Question 2D - Charter Amendment - Municipal Election Provisions
Pueblo,105-229-90,4413472,1,Pueblo County Rural 70 School District Ballot Issue 4A
Pueblo,105-233-50,4414039,1,Pueblo County Rural 70 School District Ballot Issue 4A
Pueblo,105-24-44,4365752,4,City of Pueblo Ballot Question 2A - Charter Amendment - Municipal Court Maximum Fines
Pueblo,105-24-44,4365752,4,City of Pueblo Ballot Question 2B - Charter Amendment - Modernize Terms & Technology
Pueblo,105-24-44,4365752,4,City of Pueblo Ballot Question 2C - Charter Amendment - Greater Election Coordination
Pueblo,105-24-44,4365752,4,City of Pueblo Ballot Question 2D - Charter Amendment - Municipal Election Provisions
Pueblo,105-25-80,4365777,4,City of Pueblo Ballot Question 2A - Charter Amendment - Municipal Court Maximum Fines
Pueblo,105-25-80,4365777,4,City of Pueblo Ballot Question 2B - Charter Amendment - Modernize Terms & Technology
Pueblo,105-25-80,4365777,4,City of Pueblo Ballot Question 2C - Charter Amendment - Greater Election Coordination
Pueblo,105-25-80,4365777,4,City of Pueblo Ballot Question 2D - Charter Amendment - Municipal Election Provisions
Pueblo,105-258-8,4425295,4,City of Pueblo Ballot Question 2A - Charter Amendment - Municipal Court Maximum Fines
Pueblo,105-258-8,4425295,4,City of Pueblo Ballot Question 2B - Charter Amendment - Modernize Terms & Technology
Pueblo,105-258-8,4425295,4,City of Pueblo Ballot Question 2C - Charter Amendment - Greater Election Coordination
Pueblo,105-258-8,4425295,4,City of Pueblo Ballot Question 2D - Charter Amendment - Municipal Election Provisions
Pueblo,105-260-48,4426204,1,Pueblo County Rural 70 School District Ballot Issue 4A
Pueblo,105-266-86,4428204,4,City of Pueblo Ballot Question 2A - Charter Amendment - Municipal Court Maximum Fines
Pueblo,105-266-86,4428204,4,City of Pueblo Ballot Question 2B - Charter Amendment - Modernize Terms & Technology
Pueblo,105-266-86,4428204,4,City of Pueblo Ballot Question 2C - Charter Amendment - Greater Election Coordination
Pueblo,105-266-86,4428204,4,City of Pueblo Ballot Question 2D - Charter Amendment - Municipal Election Provisions
Pueblo,105-269-58,4429212,4,City of Pueblo Ballot Question 2A - Charter Amendment - Municipal Court Maximum Fines
Pueblo,105-269-58,4429212,4,City of Pueblo Ballot Question 2B - Charter Amendment - Modernize Terms & Technology
Pueblo,105-269-58,4429212,4,City of Pueblo Ballot Question 2C - Charter Amendment - Greater Election Coordination
Pueblo,105-269-58,4429212,4,City of Pueblo Ballot Question 2D - Charter Amendment - Municipal Election Provisions
Pueblo,105-283-50,4432930,4,City of Pueblo Ballot Question 2A - Charter Amendment - Municipal Court Maximum Fines
Pueblo,105-283-50,4432930,4,City of Pueblo Ballot Question 2B - Charter Amendment - Modernize Terms & Technology
Pueblo,105-283-50,4432930,4,City of Pueblo Ballot Question 2C - Charter Amendment - Greater Election Coordination
Pueblo,105-283-50,4432930,4,City of Pueblo Ballot Question 2D - Charter Amendment - Municipal Election Provisions
Pueblo,105-293-12,4434977,1,Pueblo County Rural 70 School District Ballot Issue 4A
Pueblo,105-3-58,4363664,1,Pueblo County Rural 70 School District Ballot Issue 4A
Pueblo,105-300-14,4435812,1,Pueblo County Rural 70 School District Ballot Issue 4A
Pueblo,105-301-89,4435895,4,City of Pueblo Ballot Question 2A - Charter Amendment - Municipal Court Maximum Fines
Pueblo,105-301-89,4435895,4,City of Pueblo Ballot Question 2B - Charter Amendment - Modernize Terms & Technology
Pueblo,105-301-89,4435895,4,City of Pueblo Ballot Question 2C - Charter Amendment - Greater Election Coordination
Pueblo,105-301-89,4435895,4,City of Pueblo Ballot Question 2D - Charter Amendment - Municipal Election Provisions
Pueblo,105-321-42,4446581,1,Pueblo County Rural 70 School District Ballot Issue 4A
Pueblo,105-322-92,4446694,1,Pueblo County Rural 70 School District Ballot Issue 4A
Pueblo,105-338-18,4450274,4,City of Pueblo Ballot Question 2A - Charter Amendment - Municipal Court Maximum Fines
Pueblo,105-338-18,4450274,4,City of Pueblo Ballot Question 2B - Charter Amendment - Modernize Terms & Technology
Pueblo,105-338-18,4450274,4,City of Pueblo Ballot Question 2C - Charter Amendment - Greater Election Coordination
Pueblo,105-338-18,4450274,4,City of Pueblo Ballot Question 2D - Charter Amendment - Municipal Election Provisions
Pueblo,105-35-13,4371330,4,City of Pueblo Ballot Question 2A - Charter Amendment - Municipal Court Maximum Fines
Pueblo,105-35-13,4371330,4,City of Pueblo Ballot Question 2B - Charter Amendment - Modernize Terms & Technology
Pueblo,105-35-13,4371330,4,City of Pueblo Ballot Question 2C - Charter Amendment - Greater Election Coordination
Pueblo,105-35-13,4371330,4,City of Pueblo Ballot Question 2D - Charter Amendment - Municipal Election Provisions
Pueblo,105-361-86,4457449,4,City of Pueblo Ballot Question 2A - Charter Amendment - Municipal Court Maximum Fines
Pueblo,105-361-86,4457449,4,City of Pueblo Ballot Question 2B - Charter Amendment - Modernize Terms & Technology
Pueblo,105-361-86,4457449,4,City of Pueblo Ballot Question 2C - Charter Amendment - Greater Election Coordination
Pueblo,105-361-86,4457449,4,City of Pueblo Ballot Question 2D - Charter Amendment - Municipal Election Provisions
Pueblo,105-374-79,4461108,1,Pueblo County Rural 70 School District Ballot Issue 4A
Pueblo,105-379-60,4462318,1,Pueblo County Rural 70 School District Ballot Issue 4A
Pueblo,105-382-49,4463086,4,City of Pueblo Ballot Question 2A - Charter Amendment - Municipal Court Maximum Fines
Pueblo,105-382-49,4463086,4,City of Pueblo Ballot Question 2B - Charter Amendment - Modernize Terms & Technology
Pueblo,105-382-49,4463086,4,City of Pueblo Ballot Question 2C - Charter Amendment - Greater Election Coordination
Pueblo,105-382-49,4463086,4,City of Pueblo Ballot Question 2D - Charter Amendment - Municipal Election Provisions
Pueblo,105-40-87,4372234,4,City of Pueblo Ballot Question 2A - Charter Amendment - Municipal Court Maximum Fines
Pueblo,105-40-87,4372234,4,City of Pueblo Ballot Question 2B - Charter Amendment - Modernize Terms & Technology
Pueblo,105-40-87,4372234,4,City of Pueblo Ballot Question 2C - Charter Amendment - Greater Election Coordination
Pueblo,105-40-87,4372234,4,City of Pueblo Ballot Question 2D - Charter Amendment - Municipal Election Provisions
Pueblo,105-410-85,4473134,1,Pueblo County Rural 70 School District Ballot Issue 4A
Pueblo,105-414-28,4478073,1,Pueblo County Rural 70 School District Ballot Issue 4A
Pueblo,105-42-68,4372426,1,Pueblo County Rural 70 School District Ballot Issue 4A
Pueblo,105-428-38,4484165,4,City of Pueblo Ballot Question 2A - Charter Amendment - Municipal Court Maximum Fines
Pueblo,105-428-38,4484165,4,City of Pueblo Ballot Question 2B - Charter Amendment - Modernize Terms & Technology
Pueblo,105-428-38,4484165,4,City of Pueblo Ballot Question 2C - Charter Amendment - Greater Election Coordination
Pueblo,105-428-38,4484165,4,City of Pueblo Ballot Question 2D - Charter Amendment - Municipal Election Provisions
Pueblo,105-449-6,4489633,1,Pueblo County Rural 70 School District Ballot Issue 4A
Pueblo,105-48-46,4373069,4,City of Pueblo Ballot Question 2A - Charter Amendment - Municipal Court Maximum Fines
Pueblo,105-48-46,4373069,4,City of Pueblo Ballot Question 2B - Charter Amendment - Modernize Terms & Technology
Pueblo,105-48-46,4373069,4,City of Pueblo Ballot Question 2C - Charter Amendment - Greater Election Coordination
Pueblo,105-48-46,4373069,4,City of Pueblo Ballot Question 2D - Charter Amendment - Municipal Election Provisions
Pueblo,105-483-76,4496087,1,Pueblo County Rural 70 School District Ballot Issue 4A
Pueblo,105-487-24,4496692,1,Pueblo County Rural 70 School District Ballot Issue 4A
Pueblo,105-488-56,4496764,4,City of Pueblo Ballot Question 2A - Charter Amendment - Municipal Court Maximum Fines
Pueblo,105-488-56,4496764,4,City of Pueblo Ballot Question 2B - Charter Amendment - Modernize Terms & Technology
Pueblo,105-488-56,4496764,4,City of Pueblo Ballot Question 2C - Charter Amendment - Greater Election Coordination
Pueblo,105-488-56,4496764,4,City of Pueblo Ballot Question 2D - Charter Amendment - Municipal Election Provisions
Pueblo,105-489-36,4497213,1,Pueblo County Rural 70 School District Ballot Issue 4A
Pueblo,105-509-50,4503379,4,City of Pueblo Ballot Question 2A - Charter Amendment - Municipal Court Maximum Fines
Pueblo,105-509-50,4503379,4,City of Pueblo Ballot Question 2B - Charter Amendment - Modernize Terms & Technology
Pueblo,105-509-50,4503379,4,City of Pueblo Ballot Question 2C - Charter Amendment - Greater Election Coordination
Pueblo,105-509-50,4503379,4,City of Pueblo Ballot Question 2D - Charter Amendment - Municipal Election Provisions
Pueblo,105-515-26,4505126,4,City of Pueblo Ballot Question 2A - Charter Amendment - Municipal Court Maximum Fines
Pueblo,105-515-26,4505126,4,City of Pueblo Ballot Question 2B - Charter Amendment - Modernize Terms & Technology
Pueblo,105-515-26,4505126,4,City of Pueblo Ballot Question 2C - Charter Amendment - Greater Election Coordination
Pueblo,105-515-26,4505126,4,City of Pueblo Ballot Question 2D - Charter Amendment - Municipal Election Provisions
Pueblo,105-516-40,4505335,4,City of Pueblo Ballot Question 2A - Charter Amendment - Municipal Court Maximum Fines
Pueblo,105-516-40,4505335,4,City of Pueblo Ballot Question 2B - Charter Amendment - Modernize Terms & Technology
Pueblo,105-516-40,4505335,4,City of Pueblo Ballot Question 2C - Charter Amendment - Greater Election Coordination
Pueblo,105-516-40,4505335,4,City of Pueblo Ballot Question 2D - Charter Amendment - Municipal Election Provisions
Pueblo,105-520-34,4506410,4,City of Pueblo Ballot Question 2A - Charter Amendment - Municipal Court Maximum Fines
Pueblo,105-520-34,4506410,4,City of Pueblo Ballot Question 2B - Charter Amendment - Modernize Terms & Technology
Pueblo,105-520-34,4506410,4,City of Pueblo Ballot Question 2C - Charter Amendment - Greater Election Coordination
Pueblo,105-520-34,4506410,4,City of Pueblo Ballot Question 2D - Charter Amendment - Municipal Election Provisions
Pueblo,105-527-80,4512925,4,City of Pueblo Ballot Question 2A - Charter Amendment - Municipal Court Maximum Fines
Pueblo,105-527-80,4512925,4,City of Pueblo Ballot Question 2B - Charter Amendment - Modernize Terms & Technology
Pueblo,105-527-80,4512925,4,City of Pueblo Ballot Question 2C - Charter Amendment - Greater Election Coordination
Pueblo,105-527-80,4512925,4,City of Pueblo Ballot Question 2D - Charter Amendment - Municipal Election Provisions
Pueblo,105-537-66,4517171,4,City of Pueblo Ballot Question 2A - Charter Amendment - Municipal Court Maximum Fines
Pueblo,105-537-66,4517171,4,City of Pueblo Ballot Question 2B - Charter Amendment - Modernize Terms & Technology
Pueblo,105-537-66,4517171,4,City of Pueblo Ballot Question 2C - Charter Amendment - Greater Election Coordination
Pueblo,105-537-66,4517171,4,City of Pueblo Ballot Question 2D - Charter Amendment - Municipal Election Provisions
Pueblo,105-54-44,4374293,1,Pueblo County Rural 70 School District Ballot Issue 4A
Pueblo,105-551-41,4519973,1,Pueblo County Rural 70 School District Ballot Issue 4A
Pueblo,105-554-42,4524942,1,Pueblo County Rural 70 School District Ballot Issue 4A
Pueblo,105-559-84,4526359,4,City of Pueblo Ballot Question 2A - Charter Amendment - Municipal Court Maximum Fines
Pueblo,105-559-84,4526359,4,City of Pueblo Ballot Question 2B - Charter Amendment - Modernize Terms & Technology
Pueblo,105-559-84,4526359,4,City of Pueblo Ballot Question 2C - Charter Amendment - Greater Election Coordination
Pueblo,105-559-84,4526359,4,City of Pueblo Ballot Question 2D - Charter Amendment - Municipal Election Provisions
Pueblo,105-58-36,4375273,4,City of Pueblo Ballot Question 2A - Charter Amendment - Municipal Court Maximum Fines
Pueblo,105-58-36,4375273,4,City of Pueblo Ballot Question 2B - Charter Amendment - Modernize Terms & Technology
Pueblo,105-58-36,4375273,4,City of Pueblo Ballot Question 2C - Charter Amendment - Greater Election Coordination
Pueblo,105-58-36,4375273,4,City of Pueblo Ballot Question 2D - Charter Amendment - Municipal Election Provisions
Pueblo,105-585-12,4530740,4,City of Pueblo Ballot Question 2A - Charter Amendment - Municipal Court Maximum Fines
Pueblo,105-585-12,4530740,4,City of Pueblo Ballot Question 2B - Charter Amendment - Modernize Terms & Technology
Pueblo,105-585-12,4530740,4,City of Pueblo Ballot Question 2C - Charter Amendment - Greater Election Coordination
Pueblo,105-585-12,4530740,4,City of Pueblo Ballot Question 2D - Charter Amendment - Municipal Election Provisions
Pueblo,105-588-14,4531244,1,Pueblo County Rural 70 School District Ballot Issue 4A
Pueblo,105-602-88,4537503,4,City of Pueblo Ballot Question 2A - Charter Amendment - Municipal Court Maximum Fines
Pueblo,105-602-88,4537503,4,City of Pueblo Ballot Question 2B - Charter Amendment - Modernize Terms & Technology
Pueblo,105-602-88,4537503,4,City of Pueblo Ballot Question 2C - Charter Amendment - Greater Election Coordination
Pueblo,105-602-88,4537503,4,City of Pueblo Ballot Question 2D - Charter Amendment - Municipal Election Provisions
Pueblo,105-68-4,4377344,4,City of Pueblo Ballot Question 2A - Charter Amendment - Municipal Court Maximum Fines
Pueblo,105-68-4,4377344,4,City of Pueblo Ballot Question 2B - Charter Amendment - Modernize Terms & Technology
Pueblo,105-68-4,4377344,4,City of Pueblo Ballot Question 2C - Charter Amendment - Greater Election Coordination
Pueblo,105-68-4,4377344,4,City of Pueblo Ballot Question 2D - Charter Amendment - Municipal Election Provisions
Pueblo,105-72-13,4378010,1,Pueblo County Rural 70 School District Ballot Issue 4A
Pueblo,105-83-2,4381763,1,Pueblo County Rural 70 School District Ballot Issue 4A
Pueblo,105-9-53,4364261,4,City of Pueblo Ballot Question 2A - Charter Amendment - Municipal Court Maximum Fines
Pueblo,105-9-53,4364261,4,City of Pueblo Ballot Question 2B - Charter Amendment - Modernize Terms & Technology
Pueblo,105-9-53,4364261,4,City of Pueblo Ballot Question 2C - Charter Amendment - Greater Election Coordination
Pueblo,105-9-53,4364261,4,City of Pueblo Ballot Question 2D - Charter Amendment - Municipal Election Provisions
Pueblo,108-32-12,4441825,4,City of Pueblo Ballot Question 2A - Charter Amendment - Municipal Court Maximum Fines
Pueblo,108-32-12,4441825,4,City of Pueblo Ballot Question 2B - Charter Amendment - Modernize Terms & Technology
Pueblo,108-32-12,4441825,4,City of Pueblo Ballot Question 2C - Charter Amendment - Greater Election Coordination
Pueblo,108-32-12,4441825,4,City of Pueblo Ballot Question 2D - Charter Amendment - Municipal Election Provisions
Pueblo,111-123-84,4407347,4,City of Pueblo Ballot Question 2A - Charter Amendment - Municipal Court Maximum Fines
Pueblo,111-123-84,4407347,4,City of Pueblo Ballot Question 2B - Charter Amendment - Modernize Terms & Technology
Pueblo,111-123-84,4407347,4,City of Pueblo Ballot Question 2C - Charter Amendment - Greater Election Coordination
Pueblo,111-123-84,4407347,4,City of Pueblo Ballot Question 2D - Charter Amendment - Municipal Election Provisions
Pueblo,111-155-79,4421443,4,City of Pueblo Ballot Question 2A - Charter Amendment - Municipal Court Maximum Fines
Pueblo,111-155-79,4421443,4,City of Pueblo Ballot Question 2B - Charter Amendment - Modernize Terms & Technology
Pueblo,111-155-79,4421443,4,City of Pueblo Ballot Question 2C - Charter Amendment - Greater Election Coordination
Pueblo,111-155-79,4421443,4,City of Pueblo Ballot Question 2D - Charter Amendment - Municipal Election Provisions
Pueblo,111-164-76,4423571,4,City of Pueblo Ballot Question 2A - Charter Amendment - Municipal Court Maximum Fines
Pueblo,111-164-76,4423571,4,City of Pueblo Ballot Question 2B - Charter Amendment - Modernize Terms & Technology
Pueblo,111-164-76,4423571,4,City of Pueblo Ballot Question 2C - Charter Amendment - Greater Election Coordination
Pueblo,111-164-76,4423571,4,City of Pueblo Ballot Question 2D - Charter Amendment - Municipal Election Provisions
Pueblo,111-187-80,4430654,1,Pueblo County Rural 70 School District Ballot Issue 4A
Pueblo,111-193-54,4431968,1,Pueblo County Rural 70 School District Ballot Issue 4A
Pueblo,111-193-68,4431989,1,Pueblo County Rural 70 School District Ballot Issue 4A
Pueblo,111-198-24,4448125,4,City of Pueblo Ballot Question 2A - Charter Amendment - Municipal Court Maximum Fines
Pueblo,111-198-24,4448125,4,City of Pueblo Ballot Question 2B - Charter Amendment - Modernize Terms & Technology
Pueblo,111-198-24,4448125,4,City of Pueblo Ballot Question 2C - Charter Amendment - Greater Election Coordination
Pueblo,111-198-24,4448125,4,City of Pueblo Ballot Question 2D - Charter Amendment - Municipal Election Provisions
Pueblo,111-200-65,4448245,4,City of Pueblo Ballot Question 2A - Charter Amendment - Municipal Court Maximum Fines
Pueblo,111-200-65,4448245,4,City of Pueblo Ballot Question 2B - Charter Amendment - Modernize Terms & Technology
Pueblo,111-200-65,4448245,4,City of Pueblo Ballot Question 2C - Charter Amendment - Greater Election Coordination
Pueblo,111-200-65,4448245,4,City of Pueblo Ballot Question 2D - Charter Amendment - Municipal Election Provisions
Pueblo,111-213-66,4450853,1,Pueblo County Rural 70 School District Ballot Issue 4A
Pueblo,111-225-35,4455062,4,City of Pueblo Ballot Question 2A - Charter Amendment - Municipal Court Maximum Fines
Pueblo,111-225-35,4455062,4,City of Pueblo Ballot Question 2B - Charter Amendment - Modernize Terms & Technology
Pueblo,111-225-35,4455062,4,City of Pueblo Ballot Question 2C - Charter Amendment - Greater Election Coordination
Pueblo,111-225-35,4455062,4,City of Pueblo Ballot Question 2D - Charter Amendment - Municipal Election Provisions
Pueblo,111-254-78,4462959,1,Pueblo County Rural 70 School District Ballot Issue 4A
Pueblo,111-257-88,4463336,4,City of Pueblo Ballot Question 2A - Charter Amendment - Municipal Court Maximum Fines
Pueblo,111-257-88,4463336,4,City of Pueblo Ballot Question 2B - Charter Amendment - Modernize Terms & Technology
Pueblo,111-257-88,4463336,4,City of Pueblo Ballot Question 2C - Charter Amendment - Greater Election Coordination
Pueblo,111-257-88,4463336,4,City of Pueblo Ballot Question 2D - Charter Amendment - Municipal Election Provisions
Pueblo,111-259-90,4466466,1,Pueblo County Rural 70 School District Ballot Issue 4A
Pueblo,111-27-38,4366042,1,Pueblo County Rural 70 School District Ballot Issue 4A
Pueblo,111-282-91,4472804,4,City of Pueblo Ballot Question 2A - Charter Amendment - Municipal Court Maximum Fines
Pueblo,111-282-91,4472804,4,City of Pueblo Ballot Question 2B - Charter Amendment - Modernize Terms & Technology
Pueblo,111-282-91,4472804,4,City of Pueblo Ballot Question 2C - Charter Amendment - Greater Election Coordination
Pueblo,111-282-91,4472804,4,City of Pueblo Ballot Question 2D - Charter Amendment - Municipal Election Provisions
Pueblo,111-283-92,4473479,4,City of Pueblo Ballot Question 2A - Charter Amendment - Municipal Court Maximum Fines
Pueblo,111-283-92,4473479,4,City of Pueblo Ballot Question 2B - Charter Amendment - Modernize Terms & Technology
Pueblo,111-283-92,4473479,4,City of Pueblo Ballot Question 2C - Charter Amendment - Greater Election Coordination
Pueblo,111-283-92,4473479,4,City of Pueblo Ballot Question 2D - Charter Amendment - Municipal Election Provisions
Pueblo,111-287-30,4473808,4,City of Pueblo Ballot Question 2A - Charter Amendment - Municipal Court Maximum Fines
Pueblo,111-287-30,4473808,4,City of Pueblo Ballot Question 2B - Charter Amendment - Modernize Terms & Technology
Pueblo,111-287-30,4473808,4,City of Pueblo Ballot Question 2C - Charter Amendment - Greater Election Coordination
Pueblo,111-287-30,4473808,4,City of Pueblo Ballot Question 2D - Charter Amendment - Municipal Election Provisions
Pueblo,111-289-82,4474030,4,City of Pueblo Ballot Question 2A - Charter Amendment - Municipal Court Maximum Fines
Pueblo,111-289-82,4474030,4,City of Pueblo Ballot Question 2B - Charter Amendment - Modernize Terms & Technology
Pueblo,111-289-82,4474030,4,City of Pueblo Ballot Question 2C - Charter Amendment - Greater Election Coordination
Pueblo,111-289-82,4474030,4,City of Pueblo Ballot Question 2D - Charter Amendment - Municipal Election Provisions
Pueblo,111-29-86,4366348,1,Pueblo County Rural 70 School District Ballot Issue 4A
Pueblo,111-295-96,4474536,4,City of Pueblo Ballot Question 2A - Charter Amendment - Municipal Court Maximum Fines
Pueblo,111-295-96,4474536,4,City of Pueblo Ballot Question 2B - Charter Amendment - Modernize Terms & Technology
Pueblo,111-295-96,4474536,4,City of Pueblo Ballot Question 2C - Charter Amendment - Greater Election Coordination
Pueblo,111-295-96,4474536,4,City of Pueblo Ballot Question 2D - Charter Amendment - Municipal Election Provisions
Pueblo,111-296-88,4474708,1,Pueblo County Rural 70 School District Ballot Issue 4A
Pueblo,111-31-71,4366866,4,City of Pueblo Ballot Question 2A - Charter Amendment - Municipal Court Maximum Fines
Pueblo,111-31-71,4366866,4,City of Pueblo Ballot Question 2B - Charter Amendment - Modernize Terms & Technology
Pueblo,111-31-71,4366866,4,City of Pueblo Ballot Question 2C - Charter Amendment - Greater Election Coordination
Pueblo,111-31-71,4366866,4,City of Pueblo Ballot Question 2D - Charter Amendment - Municipal Election Provisions
Pueblo,111-316-86,4478638,1,Pueblo County Rural 70 School District Ballot Issue 4A
Pueblo,111-336-49,4493167,4,City of Pueblo Ballot Question 2A - Charter Amendment - Municipal Court Maximum Fines
Pueblo,111-336-49,4493167,4,City of Pueblo Ballot Question 2B - Charter Amendment - Modernize Terms & Technology
Pueblo,111-336-49,4493167,4,City of Pueblo Ballot Question 2C - Charter Amendment - Greater Election Coordination
Pueblo,111-336-49,4493167,4,City of Pueblo Ballot Question 2D - Charter Amendment - Municipal Election Provisions
Pueblo,111-341-50,4494768,4,City of Pueblo Ballot Question 2A - Charter Amendment - Municipal Court Maximum Fines
Pueblo,111-341-50,4494768,4,City of Pueblo Ballot Question 2B - Charter Amendment - Modernize Terms & Technology
Pueblo,111-341-50,4494768,4,City of Pueblo Ballot Question 2C - Charter Amendment - Greater Election Coordination
Pueblo,111-341-50,4494768,4,City of Pueblo Ballot Question 2D - Charter Amendment - Municipal Election Provisions
Pueblo,111-343-38,4496028,4,City of Pueblo Ballot Question 2A - Charter Amendment - Municipal Court Maximum Fines
Pueblo,111-343-38,4496028,4,City of Pueblo Ballot Question 2B - Charter Amendment - Modernize Terms & Technology
Pueblo,111-343-38,4496028,4,City of Pueblo Ballot Question 2C - Charter Amendment - Greater Election Coordination
Pueblo,111-343-38,4496028,4,City of Pueblo Ballot Question 2D - Charter Amendment - Municipal Election Provisions
Pueblo,111-35-80,4367908,1,Pueblo County Rural 70 School District Ballot Issue 4A
Pueblo,111-364-8,4501844,4,City of Pueblo Ballot Question 2A - Charter Amendment - Municipal Court Maximum Fines
Pueblo,111-364-8,4501844,4,City of Pueblo Ballot Question 2B - Charter Amendment - Modernize Terms & Technology
Pueblo,111-364-8,4501844,4,City of Pueblo Ballot Question 2C - Charter Amendment - Greater Election Coordination
Pueblo,111-364-8,4501844,4,City of Pueblo Ballot Question 2D - Charter Amendment - Municipal Election Provisions
Pueblo,111-365-71,4502061,4,City of Pueblo Ballot Question 2A - Charter Amendment - Municipal Court Maximum Fines
Pueblo,111-365-71,4502061,4,City of Pueblo Ballot Question 2B - Charter Amendment - Modernize Terms & Technology
Pueblo,111-365-71,4502061,4,City of Pueblo Ballot Question 2C - Charter Amendment - Greater Election Coordination
Pueblo,111-365-71,4502061,4,City of Pueblo Ballot Question 2D - Charter Amendment - Municipal Election Provisions
Pueblo,111-376-14,4505416,4,City of Pueblo Ballot Question 2A - Charter Amendment - Municipal Court Maximum Fines
Pueblo,111-376-14,4505416,4,City of Pueblo Ballot Question 2B - Charter Amendment - Modernize Terms & Technology
Pueblo,111-376-14,4505416,4,City of Pueblo Ballot Question 2C - Charter Amendment - Greater Election Coordination
Pueblo,111-376-14,4505416,4,City of Pueblo Ballot Question 2D - Charter Amendment - Municipal Election Provisions
Pueblo,111-376-42,4505437,4,City of Pueblo Ballot Question 2A - Charter Amendment - Municipal Court Maximum Fines
Pueblo,111-376-42,4505437,4,City of Pueblo Ballot Question 2B - Charter Amendment - Modernize Terms & Technology
Pueblo,111-376-42,4505437,4,City of Pueblo Ballot Question 2C - Charter Amendment - Greater Election Coordination
Pueblo,111-376-42,4505437,4,City of Pueblo Ballot Question 2D - Charter Amendment - Municipal Election Provisions
Pueblo,111-386-52,4507599,1,Pueblo County Rural 70 School District Ballot Issue 4A
Pueblo,111-394-28,4509211,1,Pueblo County Rural 70 School District Ballot Issue 4A
Pueblo,111-397-26,4510040,1,Pueblo County Rural 70 School District Ballot Issue 4A
Pueblo,111-413-95,4513134,4,City of Pueblo Ballot Question 2A - Charter Amendment - Municipal Court Maximum Fines
Pueblo,111-413-95,4513134,4,City of Pueblo Ballot Question 2B - Charter Amendment - Modernize Terms & Technology
Pueblo,111-413-95,4513134,4,City of Pueblo Ballot Question 2C - Charter Amendment - Greater Election Coordination
Pueblo,111-413-95,4513134,4,City of Pueblo Ballot Question 2D - Charter Amendment - Municipal Election Provisions
Pueblo,111-414-78,4513522,4,City of Pueblo Ballot Question 2A - Charter Amendment - Municipal Court Maximum Fines
Pueblo,111-414-78,4513522,4,City of Pueblo Ballot Question 2B - Charter Amendment - Modernize Terms & Technology
Pueblo,111-414-78,4513522,4,City of Pueblo Ballot Question 2C - Charter Amendment - Greater Election Coordination
Pueblo,111-414-78,4513522,4,City of Pueblo Ballot Question 2D - Charter Amendment - Municipal Election Provisions
Pueblo,111-43-41,4368784,4,City of Pueblo Ballot Question 2A - Charter Amendment - Municipal Court Maximum Fines
Pueblo,111-43-41,4368784,4,City of Pueblo Ballot Question 2B - Charter Amendment - Modernize Terms & Technology
Pueblo,111-43-41,4368784,4,City of Pueblo Ballot Question 2C - Charter Amendment - Greater Election Coordination
Pueblo,111-43-41,4368784,4,City of Pueblo Ballot Question 2D - Charter Amendment - Municipal Election Provisions
Pueblo,111-438-42,4520938,4,City of Pueblo Ballot Question 2A - Charter Amendment - Municipal Court Maximum Fines
Pueblo,111-438-42,4520938,4,City of Pueblo Ballot Question 2B - Charter Amendment - Modernize Terms & Technology
Pueblo,111-438-42,4520938,4,City of Pueblo Ballot Question 2C - Charter Amendment - Greater Election Coordination
Pueblo,111-438-42,4520938,4,City of Pueblo Ballot Question 2D - Charter Amendment - Municipal Election Provisions
Pueblo,111-449-96,4523934,4,City of Pueblo Ballot Question 2A - Charter Amendment - Municipal Court Maximum Fines
Pueblo,111-449-96,4523934,4,City of Pueblo Ballot Question 2B - Charter Amendment - Modernize Terms & Technology
Pueblo,111-449-96,4523934,4,City of Pueblo Ballot Question 2C - Charter Amendment - Greater Election Coordination
Pueblo,111-449-96,4523934,4,City of Pueblo Ballot Question 2D - Charter Amendment - Municipal Election Provisions
Pueblo,111-450-12,4523999,4,City of Pueblo Ballot Question 2A - Charter Amendment - Municipal Court Maximum Fines
Pueblo,111-450-12,4523999,4,City of Pueblo Ballot Question 2B - Charter Amendment - Modernize Terms & Technology
Pueblo,111-450-12,4523999,4,City of Pueblo Ballot Question 2C - Charter Amendment - Greater Election Coordination
Pueblo,111-450-12,4523999,4,City of Pueblo Ballot Question 2D - Charter Amendment - Municipal Election Provisions
Pueblo,111-453-12,4524352,4,City of Pueblo Ballot Question 2A - Charter Amendment - Municipal Court Maximum Fines
Pueblo,111-453-12,4524352,4,City of Pueblo Ballot Question 2B - Charter Amendment - Modernize Terms & Technology
Pueblo,111-453-12,4524352,4,City of Pueblo Ballot Question 2C - Charter Amendment - Greater Election Coordination
Pueblo,111-453-12,4524352,4,City of Pueblo Ballot Question 2D - Charter Amendment - Municipal Election Provisions
Pueblo,111-50-89,4370973,4,City of Pueblo Ballot Question 2A - Charter Amendment - Municipal Court Maximum Fines
Pueblo,111-50-89,4370973,4,City of Pueblo Ballot Question 2B - Charter Amendment - Modernize Terms & Technology
Pueblo,111-50-89,4370973,4,City of Pueblo Ballot Question 2C - Charter Amendment - Greater Election Coordination
Pueblo,111-50-89,4370973,4,City of Pueblo Ballot Question 2D - Charter Amendment - Municipal Election Provisions
Pueblo,111-55-1,4375559,4,City of Pueblo Ballot Question 2A - Charter Amendment - Municipal Court Maximum Fines
Pueblo,111-55-1,4375559,4,City of Pueblo Ballot Question 2B - Charter Amendment - Modernize Terms & Technology
Pueblo,111-55-1,4375559,4,City of Pueblo Ballot Question 2C - Charter Amendment - Greater Election Coordination
Pueblo,111-55-1,4375559,4,City of Pueblo Ballot Question 2D - Charter Amendment - Municipal Election Provisions
Pueblo,111-74-15,4387814,4,City of Pueblo Ballot Question 2A - Charter Amendment - Municipal Court Maximum Fines
Pueblo,111-74-15,4387814,4,City of Pueblo Ballot Question 2B - Charter Amendment - Modernize Terms & Technology
Pueblo,111-74-15,4387814,4,City of Pueblo Ballot Question 2C - Charter Amendment - Greater Election Coordination
Pueblo,111-74-15,4387814,4,City of Pueblo Ballot Question 2D - Charter Amendment - Municipal Election Provisions
Teller,102-699-18,4625647,1,Ute Pass Regional Health Service District Ballot Issue 7A1
Weld,105-96-32,4691149,1,Carbon Valley Parks and Recreation District Ballot Issue 6C
