target, id, NCounties, name, npop, nc, voteDiff, reportedMargin, dilutedMargin, estMvrs, haveMvrs, mvrsExtra, estRisk, 
false, 1, 02, 17th Judicial District Ballot Question 7B, 516401, 279529, 37549, 13.43%, 07.27%, 99, 236, 137, 00.0%, 
false, 2, 02, Adams 12 Five Star Schools Ballot Issue 5D, 516401, 117043, 12622, 10.78%, 02.44%, 297, 236, -61, 06.1%, 
false, 3, 02, Adams 12 Five Star Schools Ballot Issue 5E, 516401, 117043, 10481, 08.95%, 02.03%, 358, 236, -122, 09.9%, 
false, 4, [Adams], Adams County Ballot Issue 1A, 468858, 231986, 85596, 36.90%, 18.26%, 38, 214, 176, 00.0%, 
false, 5, [Adams], Adams County Commissioner - District 1, 468858, 236872, 13085, 05.52%, 02.79%, 260, 214, -46, 05.5%, 
false, 6, [Adams], Adams County Commissioner - District 2, 468858, 236872, 44326, 18.71%, 09.45%, 76, 214, 138, 00.0%, 
true, 7, [Adams], Adams County Commissioner - District 5, 468858, 236872, 17761, 07.50%, 03.79%, 191, 214, 23, 01.9%, 
false, 8, [Adams], Adams County Court Judge - Dinnel, 468858, 236872, 60800, 25.67%, 12.97%, 55, 214, 159, 00.0%, 
false, 9, [Adams], Adams County Court Judge - Flaum, 468858, 236872, 47948, 20.24%, 10.23%, 70, 214, 144, 00.0%, 
false, 10, [Adams], Adams County Court Judge - Ivey, 468858, 236872, 49346, 20.83%, 10.52%, 68, 214, 146, 00.0%, 
false, 11, [Adams], Adams County Court Judge - Jean, 468858, 236872, 54476, 23.00%, 11.62%, 61, 214, 153, 00.0%, 
false, 12, [Adams], Adams County Court Judge - Kirby, 468858, 236872, 60202, 25.42%, 12.84%, 55, 214, 159, 00.0%, 
false, 13, [Adams], Adams County Court Judge - Nowak, 468858, 236872, 55743, 23.53%, 11.89%, 60, 214, 154, 00.0%, 
false, 14, [Adams], Adams County School District 14 Ballot Issue 4A, 468858, 10619, 241, 02.27%, 00.05%, 14175, 214, -13961, 94.8%, 
false, 15, [Adams], Adams County School District 14 Ballot Issue 4B, 468858, 10619, 109, 01.03%, 00.02%, 31343, 214, -31129, 97.6%, 
false, 16, 02, Adams-Arapahoe School District 28J Ballot Issue 5A, 820398, 84894, 22669, 26.70%, 02.76%, 262, 121, -141, 19.8%, 
false, 17, 02, Adams-Arapahoe School District 28J Ballot Issue 5B, 820398, 84894, 39107, 46.07%, 04.77%, 151, 121, -30, 06.0%, 
false, 18, [Chaffee], Affordable Housing 0.5% Sales Tax Increase, 14627, 13566, 2860, 21.08%, 19.55%, 36, 89, 53, 00.0%, 
true, 19, [Alamosa], Alamosa County Commissioner - District 1, 15216, 7671, 1757, 22.90%, 11.55%, 62, 65, 3, 02.4%, 
false, 21, 02, Alamosa School District RE-11J Ballot Issue 5A, 19412, 6832, 331, 04.84%, 01.71%, 426, 83, -343, 50.5%, 
false, 22, 63, Amendment 79 (CONSTITUTIONAL), 4767518, 3239682, 741720, 22.89%, 15.56%, 45, 707, 662, 00.0%, 
false, 23, 62, Amendment 80 (CONSTITUTIONAL), 4763790, 3235954, 42047, 01.30%, 00.88%, 824, 706, -118, 05.0%, 
true, 24, [Rio Blanco], Amendment 80 (CONSTITUTIONAL) - Rio Blanco, 3728, 3728, 474, 12.71%, 12.71%, 56, 58, 2, 02.5%, 
false, 25, 63, Amendment G (CONSTITUTIONAL), 4767518, 3239682, 1398674, 43.17%, 29.34%, 23, 707, 684, 00.0%, 
false, 26, 63, Amendment H (CONSTITUTIONAL), 4767518, 3239682, 1356513, 41.87%, 28.45%, 24, 707, 683, 00.0%, 
false, 27, 63, Amendment I (CONSTITUTIONAL), 4767518, 3239682, 1103998, 34.08%, 23.16%, 30, 707, 677, 00.0%, 
false, 28, 63, Amendment J (CONSTITUTIONAL), 4767518, 3239682, 882306, 27.23%, 18.51%, 38, 707, 669, 00.0%, 
false, 29, 63, Amendment K (CONSTITUTIONAL), 4767518, 3239682, 297433, 09.18%, 06.24%, 115, 707, 592, 00.0%, 
false, 30, [Gilpin], Approval of Multiple Year Financial Obligation with Gilpin County, 4183, 66, 32, 48.48%, 00.77%, 951, 139, -812, 59.9%, 
false, 31, [Arapahoe], Arapahoe County Ballot Issue 1A, 351540, 330888, 127667, 38.58%, 36.32%, 19, 52, 33, 00.0%, 
false, 32, [Arapahoe], Arapahoe County Commissioner - District 1, 351540, 80484, 11461, 14.24%, 03.26%, 222, 52, -170, 43.9%, 
false, 33, [Arapahoe], Arapahoe County Commissioner - District 3, 351540, 71410, 1756, 02.46%, 00.50%, 1457, 52, -1405, 88.2%, 
false, 34, [Arapahoe], Arapahoe County Commissioner - District 5, 351540, 43867, 14268, 32.53%, 04.06%, 178, 52, -126, 35.8%, 
false, 35, [Arapahoe], Arapahoe County Court - Hernandez, 351540, 330888, 95117, 28.75%, 27.06%, 26, 52, 26, 00.1%, 
false, 36, [Arapahoe], Arapahoe County Court - Williford, 351540, 330888, 97788, 29.55%, 27.82%, 25, 52, 27, 00.1%, 
true, 37, [Archuleta], Archuleta County Commissioner - District 1, 9489, 9489, 1878, 19.79%, 19.79%, 35, 38, 3, 02.2%, 
false, 40, [Jefferson], Arvada Fire Protection District Ballot Question 6A, 367779, 7078, 3557, 50.25%, 00.97%, 752, 66, -686, 73.5%, 
false, 41, [Weld], Ault Fire Protection District Ballot Issue 6A, 182397, 3209, 586, 18.26%, 00.32%, 2267, 87, -2180, 87.4%, 
false, 42, [Weld], Ault Fire Protection District Ballot Issue 6B, 182397, 3209, 528, 16.45%, 00.29%, 2516, 87, -2429, 88.6%, 
false, 43, [Adams], BNC Metropolitan District No 2 Ballot Issue 6N, 468858, 421, 129, 30.64%, 00.03%, 26484, 214, -26270, 97.2%, 
false, 44, [Adams], BNC Metropolitan District No 2 Ballot Question 6M, 468858, 421, 91, 21.62%, 00.02%, 37543, 214, -37329, 98.0%, 
false, 45, 02, BRUSH RURAL FIRE PROTECTION DISTRICT BALLOT ISSUE 7A, 16507, 1068, 104, 09.74%, 00.63%, 1155, 46, -1109, 87.0%, 
false, 49, [Baca], Baca County Court Judge - Lishchuk, 2165, 2034, 30, 01.47%, 01.39%, 524, 91, -433, 54.4%, 
false, 50, [Douglas], Bannock Ballot Issue 6A, 248173, 23, 5, 21.74%, 00.00%, 361685, 62, -361623, 99.9%, 
true, 51, [Bent], Bent County Commissioner-District 1, 2221, 2221, 537, 24.18%, 24.18%, 29, 32, 3, 01.9%, 
false, 53, [Bent], Bent County Court - Clark, 2221, 2221, 748, 33.68%, 33.68%, 20, 32, 12, 00.3%, 
false, 54, [Boulder], Boulder County Commissioner - District 1, 396121, 198600, 142746, 71.88%, 36.04%, 19, 120, 101, 00.0%, 
false, 55, [Boulder], Boulder County Commissioner - District 2, 396121, 198600, 91515, 46.08%, 23.10%, 30, 120, 90, 00.0%, 
false, 57, [Boulder], Boulder County Court - Martin, 396121, 198600, 82792, 41.69%, 20.90%, 33, 120, 87, 00.0%, 
false, 58, [Broomfield], Broomfield Ballot Question 2A, 47543, 47543, 8239, 17.33%, 17.33%, 41, 53, 12, 01.0%, 
false, 59, [Broomfield], Broomfield Ballot Question 2B, 47543, 47543, 17739, 37.31%, 37.31%, 18, 53, 35, 00.0%, 
false, 60, [Broomfield], Broomfield Ballot Question 2C, 47543, 47543, 464, 00.98%, 00.98%, 745, 53, -692, 77.9%, 
false, 61, [Broomfield], Broomfield Ballot Question 2D, 47543, 47543, 10691, 22.49%, 22.49%, 31, 53, 22, 00.2%, 
false, 62, [Broomfield], Broomfield Ballot Question 2E, 47543, 47543, 9993, 21.02%, 21.02%, 33, 53, 20, 00.3%, 
false, 63, [Broomfield], Broomfield Ballot Question 2F, 47543, 47543, 17256, 36.30%, 36.30%, 19, 53, 34, 00.0%, 
true, 64, [Broomfield], Broomfield Ballot Question 2G, 47543, 47543, 6780, 14.26%, 14.26%, 50, 53, 3, 02.3%, 
false, 65, [Broomfield], Broomfield County Court - DeWick, 47543, 47543, 19279, 40.55%, 40.55%, 17, 53, 36, 00.0%, 
false, 66, 02, Byers School District No. 32J Ballot Issue 5C, 820398, 1585, 246, 15.52%, 00.03%, 24300, 121, -24179, 98.3%, 
false, 67, [Fremont], CANON CITY AREA METROPOLITAN RECREATION AND PARK DISTRICT ISSUE #6A OPERATING MILL LEVY, 26051, 15275, 542, 03.55%, 02.08%, 349, 21, -328, 80.9%, 
false, 68, [Fremont], CANON CITY AREA METROPOLITAN RECREATION AND PARK DISTRICT ISSUE #6B POOL DEBT FINANCING, 26051, 15275, 89, 00.58%, 00.34%, 2132, 21, -2111, 96.6%, 
false, 69, [Fremont], CITY OF CANON CITY ISSUE #2A SALES AND USE TAX INCREASE FOR COMMUNITY POOL, 26051, 9130, 611, 06.69%, 02.35%, 309, 21, -288, 78.8%, 
false, 70, [Las Animas], CITY OF TRINIDAD BALLOT ISSUE 2A, 7886, 3952, 645, 16.32%, 08.18%, 88, 40, -48, 20.0%, 
false, 71, [Clear Creek], CLEAR CREEK COUNTY BALLOT ISSUE 1A, 6180, 6180, 3430, 55.50%, 55.50%, 12, 72, 60, 00.0%, 
false, 72, [Clear Creek], CLEAR CREEK COUNTY LIBRARY DISTRICT BALLOT ISSUE 6A, 6180, 6180, 1906, 30.84%, 30.84%, 22, 72, 50, 00.0%, 
false, 73, [El Paso], Calhan School District No. RJ1 Ballot Question 5B, 387297, 2016, 894, 44.35%, 00.23%, 3155, 128, -3027, 86.7%, 
false, 74, [Elbert], Calhan School District RJ1 Question 5B, 20652, 118, 61, 51.69%, 00.30%, 2466, 21, -2445, 97.1%, 
false, 75, [Weld], Carbon Valley Parks and Recreation District Ballot Issue 6C, 182397, 22714, 4026, 17.72%, 02.21%, 329, 87, -242, 39.5%, 
false, 76, [Chaffee], Chaffee County Commissioner - District 1, 14627, 14627, 1868, 12.77%, 12.77%, 56, 89, 33, 00.3%, 
true, 77, [Chaffee], Chaffee County Commissioner - District 2, 14627, 14627, 1220, 08.34%, 08.34%, 86, 89, 3, 02.6%, 
false, 78, [Chaffee], Chaffee County Court - Bull, 14627, 14627, 5433, 37.14%, 37.14%, 18, 89, 71, 00.0%, 
false, 79, [Arapahoe], Cherry Creek School District No. 5 Ballot Issue 4A, 351540, 172327, 21424, 12.43%, 06.09%, 118, 52, -66, 21.2%, 
false, 80, [Arapahoe], Cherry Creek School District No. 5 Ballot Issue 4B, 351540, 172327, 17400, 10.10%, 04.95%, 146, 52, -94, 28.5%, 
false, 84, [El Paso], Cimarron Hills Fire Protection District Ballot Issue 6A, 387297, 7193, 531, 07.38%, 00.14%, 5314, 128, -5186, 91.9%, 
false, 85, [Phillips], City Council Member, 2384, 997, 116, 11.63%, 04.87%, 148, 68, -80, 19.9%, 
false, 86, [Alamosa], City of Alamosa Ballot Issue 2A, 15216, 3791, 376, 09.92%, 02.47%, 293, 65, -228, 45.9%, 
false, 87, [Alamosa], City of Alamosa Ballot Issue 2B, 15216, 3791, 424, 11.18%, 02.79%, 260, 65, -195, 41.6%, 
false, 88, [Pitkin], City of Aspen Ballot Issue 2A: Extension of Real Estate Transfer Tax, 11348, 4556, 1281, 28.12%, 11.29%, 63, 41, -22, 10.1%, 
false, 89, [Pitkin], City of Aspen Ballot Issue 2B: Extension of Existing 0.45% Sales Tax Affordable Housing and Day Care, 11348, 4556, 1814, 39.82%, 15.99%, 44, 41, -3, 03.7%, 
false, 90, [Pitkin], City of Aspen Ballot Issue 2C: Imposition of a Use Tax on Motor Vehicles, 11348, 4556, 2866, 62.91%, 25.26%, 27, 41, 14, 00.5%, 
false, 91, 03, City of Aurora Question 3A, 1068571, 165017, 20891, 12.66%, 01.96%, 371, 158, -213, 22.4%, 
false, 92, [Boulder], City of Boulder Ballot Question 2C, 396121, 57027, 8900, 15.61%, 02.25%, 323, 120, -203, 27.1%, 
false, 93, [Boulder], City of Boulder Ballot Question 2D, 396121, 57027, 6385, 11.20%, 01.61%, 451, 120, -331, 39.3%, 
false, 94, [Boulder], City of Boulder Ballot Question 2E, 396121, 57027, 64, 00.11%, 00.02%, 45101, 120, -44981, 99.1%, 
false, 95, [Gilpin], City of Central Alderman/City Council, 4183, 410, 72, 17.56%, 01.72%, 422, 139, -283, 31.5%, 
false, 96, [Arapahoe], City of Cherry Hills Village Ballot Question 2A, 351540, 4437, 318, 07.17%, 00.09%, 8054, 52, -8002, 97.8%, 
false, 97, [Arapahoe], City of Cherry Hills Village Ballot Question 300, 351540, 4437, 2344, 52.83%, 00.67%, 1091, 52, -1039, 84.6%, 
false, 98, [Arapahoe], City of Cherry Hills Village Balot Question 2B, 351540, 4437, 2613, 58.89%, 00.74%, 979, 52, -927, 83.0%, 
false, 103, [El Paso], City of Colorado Springs Ballot Issue 2C, 387297, 254918, 111448, 43.72%, 28.78%, 24, 128, 104, 00.0%, 
false, 104, [El Paso], City of Colorado Springs Ballot Question 2D, 387297, 254918, 2735, 01.07%, 00.71%, 1031, 128, -903, 64.7%, 
true, 105, [El Paso], City of Colorado Springs Ballot Question 300, 387297, 254918, 22371, 08.78%, 05.78%, 125, 128, 3, 02.7%, 
true, 106, [Moffat], City of Craig Ballot Question 2A, 6699, 4071, 1073, 26.36%, 16.02%, 44, 47, 3, 02.3%, 
false, 107, [Weld], City of Dacono Ballot Question 2G, 182397, 3109, 622, 20.01%, 00.34%, 2135, 87, -2048, 86.7%, 
false, 108, [Weld], City of Dacono Ballot Question 2H, 182397, 3109, 504, 16.21%, 00.28%, 2636, 87, -2549, 89.1%, 
false, 109, [Weld], City of Dacono Ballot Question 2I, 182397, 3109, 146, 04.70%, 00.08%, 9102, 87, -9015, 96.7%, 
false, 110, [Weld], City of Dacono Ballot Question 2J, 182397, 3109, 1584, 50.95%, 00.87%, 838, 87, -751, 69.5%, 
false, 112, [Weld], City of Dacono Mayor, 182397, 3109, 1200, 38.60%, 00.66%, 1106, 87, -1019, 75.9%, 
false, 113, [Arapahoe], City of Englewood Ballot Issue 2C, 351540, 18734, 272, 01.45%, 00.08%, 9416, 52, -9364, 98.1%, 
false, 114, [Arapahoe], City of Englewood Ballot Question  302, 351540, 18734, 5812, 31.02%, 01.65%, 439, 52, -387, 66.0%, 
false, 115, [Arapahoe], City of Englewood Ballot Question 301, 351540, 18734, 10579, 56.47%, 03.01%, 241, 52, -189, 46.8%, 
false, 116, [Weld], City of Evans Mayor, 182397, 8486, 1578, 18.60%, 00.87%, 841, 87, -754, 69.6%, 
false, 120, [Larimer], City of Fort Collins Ballot Issue 2A, 458224, 97348, 50158, 51.52%, 10.95%, 65, 121, 56, 00.1%, 
false, 121, [Larimer], City of Fort Collins Ballot Question 2B, 458224, 97348, 26909, 27.64%, 05.87%, 123, 121, -2, 03.1%, 
false, 122, [Larimer], City of Fort Collins Ballot Question 2C, 458224, 97348, 23713, 24.36%, 05.17%, 139, 121, -18, 04.7%, 
false, 123, [Larimer], City of Fort Collins Ballot Question 2D, 458224, 97348, 23893, 24.54%, 05.21%, 138, 121, -17, 04.6%, 
false, 124, [Weld], City of Fort Lupton Ballot Issue 2B, 182397, 4354, 839, 19.27%, 00.46%, 1583, 87, -1496, 82.5%, 
false, 125, [Weld], City of Fort Lupton Ballot Issue 2D, 182397, 4354, 654, 15.02%, 00.36%, 2031, 87, -1944, 86.0%, 
false, 126, [Weld], City of Fort Lupton Ballot Question 2C, 182397, 4354, 2069, 47.52%, 01.13%, 641, 87, -554, 62.1%, 
false, 127, [Weld], City of Fort Lupton Ballot Question 2E, 182397, 4354, 405, 09.30%, 00.22%, 3280, 87, -3193, 91.1%, 
true, 128, [Morgan], City of Fort Morgan Ballot Question 2A, 13669, 4127, 2692, 65.23%, 19.69%, 36, 38, 2, 02.2%, 
false, 129, [Weld], City of Greeley Ballot Issue 2L, 182397, 45853, 11074, 24.15%, 06.07%, 119, 87, -32, 07.6%, 
false, 130, [Weld], City of Greeley Ballot Issue 2M, 182397, 45853, 14181, 30.93%, 07.77%, 92, 87, -5, 03.6%, 
false, 131, [Weld], City of Greeley Ballot Question 2N, 182397, 45853, 8869, 19.34%, 04.86%, 148, 87, -61, 12.7%, 
false, 132, [Weld], City of Greeley Ballot Question 2O, 182397, 45853, 6312, 13.77%, 03.46%, 209, 87, -122, 23.2%, 
true, 133, [Phillips], City of Holyoke Mayor, 2384, 997, 261, 26.18%, 10.95%, 65, 68, 3, 02.5%, 
false, 134, [Clear Creek], City of Idaho Springs Ballot Question 2A, 6180, 930, 247, 26.56%, 04.00%, 181, 72, -109, 24.7%, 
false, 135, [Boulder], City of Lafayette Ballot Question 2A, 396121, 18689, 3743, 20.03%, 00.94%, 770, 120, -650, 57.9%, 
false, 136, [Jefferson], City of Lakewood Ballot Issue 2A, 367779, 89378, 19678, 22.02%, 05.35%, 135, 66, -69, 17.8%, 
false, 137, [Lake], City of Leadville Ballot Issue 2B, 3973, 1581, 83, 05.25%, 02.09%, 347, 116, -231, 31.0%, 
false, 138, [Lake], City of Leadville Ballot Question 2A, 3973, 1581, 237, 14.99%, 05.97%, 121, 116, -5, 03.4%, 
false, 139, 03, City of Littleton Ballot Issue 3B, 967492, 28308, 381, 01.35%, 00.04%, 18503, 143, -18360, 97.3%, 
false, 140, 02, City of Longmont Ballot Issue 3A, 578518, 55848, 26166, 46.85%, 04.52%, 160, 175, 15, 02.1%, 
false, 141, [Boulder], City of Louisville City Council Ward 1, 396121, 4259, 19, 00.45%, 00.00%, 151921, 120, -151801, 99.7%, 
false, 142, [Larimer], City of Loveland Ballot Issue 2E, 458224, 50141, 18020, 35.94%, 03.93%, 184, 121, -63, 09.9%, 
false, 143, [Larimer], City of Loveland Ballot Issue 2F, 458224, 50141, 14758, 29.43%, 03.22%, 225, 121, -104, 15.1%, 
false, 144, [Larimer], City of Loveland Ballot Issue 2G, 458224, 50141, 11730, 23.39%, 02.56%, 283, 121, -162, 22.3%, 
false, 145, [Larimer], City of Loveland Ballot Question 2H, 458224, 50141, 10253, 20.45%, 02.24%, 324, 121, -203, 27.0%, 
false, 146, [Larimer], City of Loveland Ballot Question 2I, 458224, 50141, 9006, 17.96%, 01.97%, 369, 121, -248, 31.7%, 
false, 147, [Larimer], City of Loveland Ballot Question 2J, 458224, 50141, 9123, 18.19%, 01.99%, 365, 121, -244, 31.2%, 
false, 148, [Montrose], City of Montrose Ballot Issue 2A, 26005, 12410, 242, 01.95%, 00.93%, 782, 32, -750, 86.6%, 
false, 149, [Pueblo], City of Pueblo Ballot Question 2A - Charter Amendment - Municipal Court Maximum Fines, 170790, 50574, 1199, 02.37%, 00.70%, 1037, 381, -656, 27.5%, 
false, 150, [Pueblo], City of Pueblo Ballot Question 2B - Charter Amendment - Modernize Terms & Technology, 170790, 50574, 182, 00.36%, 00.11%, 6837, 381, -6456, 82.2%, 
false, 151, [Pueblo], City of Pueblo Ballot Question 2C - Charter Amendment - Greater Election Coordination, 170790, 50574, 2015, 03.98%, 01.18%, 616, 381, -235, 11.4%, 
false, 152, [Pueblo], City of Pueblo Ballot Question 2D - Charter Amendment - Municipal Election Provisions, 170790, 50574, 5836, 11.54%, 03.42%, 212, 381, 169, 00.2%, 
false, 153, [Logan], City of Sterling Referred Ballot Issue 2T, 10274, 5038, 146, 02.90%, 01.42%, 511, 64, -447, 64.5%, 
false, 154, [Adams], City of Thornton Question 2A, 468858, 68870, 31386, 45.57%, 06.69%, 107, 214, 107, 00.1%, 
false, 155, [Huerfano], City of Walsenburg Ballot Question 300 - Walsenburg Trash Initiative, 4511, 1610, 518, 32.17%, 11.48%, 62, 53, -9, 04.9%, 
false, 156, 02, City of Westminster Ballot Issue 3C, 836637, 63867, 3581, 05.61%, 00.43%, 1701, 150, -1551, 73.4%, 
false, 157, 02, City of Westminster Ballot Question 3D, 836637, 63867, 4909, 07.69%, 00.59%, 1241, 150, -1091, 65.4%, 
false, 158, [Jefferson], City of Wheat Ridge Ballot Question 2B, 367779, 20148, 9870, 48.99%, 02.68%, 270, 66, -204, 42.4%, 
false, 159, [Jefferson], City of Wheat Ridge Ballot Question 2C, 367779, 20148, 6198, 30.76%, 01.69%, 431, 66, -365, 58.4%, 
false, 160, [Teller], City of Woodland Park Ballot Question 2A, 17112, 5285, 778, 14.72%, 04.55%, 159, 74, -85, 19.4%, 
false, 161, [Yuma], City of Yuma Ballot Issue 2A - Levying a Lodging Tax in the City of Yuma, 4719, 1261, 51, 04.04%, 01.08%, 673, 18, -655, 91.0%, 
false, 162, [Clear Creek], Clear Creek County Commissioner - District 2, 6180, 6180, 663, 10.73%, 10.73%, 67, 72, 5, 02.2%, 
true, 163, [Clear Creek], Clear Creek County Commissioner - District 3, 6180, 6180, 641, 10.37%, 10.37%, 69, 72, 3, 02.5%, 
false, 164, [Clear Creek], Clear Creek County Court - Jones, 6180, 6180, 2146, 34.72%, 34.72%, 20, 72, 52, 00.0%, 
false, 166, 63, Colorado Court of Appeals Judge - Dunn, 4767518, 3239722, 907565, 28.01%, 19.04%, 37, 707, 670, 00.0%, 
false, 167, 63, Colorado Court of Appeals Judge - Jones, 4767518, 3239722, 503905, 15.55%, 10.57%, 68, 707, 639, 00.0%, 
false, 168, 63, Colorado Court of Appeals Judge - Kuhn, 4767518, 3239722, 826629, 25.52%, 17.34%, 41, 707, 666, 00.0%, 
false, 169, 63, Colorado Court of Appeals Judge - Roman, 4767518, 3239722, 836501, 25.82%, 17.55%, 40, 707, 667, 00.0%, 
false, 170, 63, Colorado Court of Appeals Judge - Schutz, 4767518, 3239722, 712233, 21.98%, 14.94%, 47, 707, 660, 00.0%, 
false, 171, 63, Colorado Supreme Court Justice - Berkenkotter, 4767518, 3239722, 847284, 26.15%, 17.77%, 40, 707, 667, 00.0%, 
false, 172, 63, Colorado Supreme Court Justice - Boatright, 4767518, 3239722, 640976, 19.78%, 13.44%, 53, 707, 654, 00.0%, 
false, 173, 63, Colorado Supreme Court Justice - Marquez, 4767518, 3239722, 708027, 21.85%, 14.85%, 48, 707, 659, 00.0%, 
false, 174, [Conejos], Conejos County Commissioner District 1, 4196, 4196, 663, 15.80%, 15.80%, 45, 75, 30, 00.3%, 
true, 175, [Conejos], Conejos County Commissioner District 3, 4196, 4196, 418, 09.96%, 09.96%, 72, 75, 3, 02.5%, 
false, 176, [Conejos], Conejos County Court - Kelly, 4196, 4196, 1821, 43.40%, 43.40%, 15, 75, 60, 00.0%, 
false, 177, [Montezuma], Cortez Fire Protection District Ballot Issue 6-A, 15436, 7815, 654, 08.37%, 04.24%, 171, 56, -115, 31.5%, 
false, 178, [Costilla], Costilla County Commissioner District 1, 2149, 2149, 479, 22.29%, 22.29%, 31, 47, 16, 00.5%, 
true, 179, [Costilla], Costilla County Commissioner District 3, 2149, 2149, 340, 15.82%, 15.82%, 45, 47, 2, 02.4%, 
false, 180, [Douglas], Councilmember, 248173, 36454, 961, 02.64%, 00.39%, 1880, 62, -1818, 89.1%, 
true, 181, [Garfield], County Commissioner - District 2, 30750, 30750, 1943, 06.32%, 06.32%, 114, 117, 3, 02.7%, 
false, 182, [Garfield], County Commissioner - District 3, 30750, 30750, 772, 02.51%, 02.51%, 289, 117, -172, 24.1%, 
true, 183, [Cheyenne], County Court Judge - Cheyenne, 1064, 1064, 430, 40.41%, 40.41%, 17, 20, 3, 01.3%, 
false, 184, [Denver], County Court Judge - Denver Blackett, 1104271, 369425, 132277, 35.81%, 11.98%, 59, 258, 199, 00.0%, 
false, 185, [Denver], County Court Judge - Denver Cherry, 1104271, 369425, 138046, 37.37%, 12.50%, 57, 258, 201, 00.0%, 
false, 186, [Denver], County Court Judge - Denver Faragher, 1104271, 369425, 136028, 36.82%, 12.32%, 58, 258, 200, 00.0%, 
false, 187, [Denver], County Court Judge - Denver Goble, 1104271, 369425, 134099, 36.30%, 12.14%, 59, 258, 199, 00.0%, 
false, 188, [Denver], County Court Judge - Denver Pallares, 1104271, 369425, 131216, 35.52%, 11.88%, 60, 258, 198, 00.0%, 
false, 189, [Denver], County Court Judge - Denver Rodarte, 1104271, 369425, 134672, 36.45%, 12.20%, 58, 258, 200, 00.0%, 
false, 190, [Denver], County Court Judge - Denver Rudolph, 1104271, 369425, 121922, 33.00%, 11.04%, 65, 258, 193, 00.0%, 
false, 191, [Denver], County Court Judge - Denver Schwartz, 1104271, 369425, 128740, 34.85%, 11.66%, 61, 258, 197, 00.0%, 
false, 192, [Denver], County Court Judge - Denver Simonet, 1104271, 369425, 136684, 37.00%, 12.38%, 57, 258, 201, 00.0%, 
false, 193, [Denver], County Court Judge - Denver Spahn, 1104271, 369425, 137323, 37.17%, 12.44%, 57, 258, 201, 00.0%, 
false, 194, [Gunnison], County Court Judge - Gunnison, 11126, 11126, 4617, 41.50%, 41.50%, 16, 49, 33, 00.0%, 
false, 195, [Routt], County Court Judge - Routt, 33261, 16628, 6419, 38.60%, 19.30%, 36, 175, 139, 00.0%, 
false, 196, 02, Crawford Water Conservancy District Ballot Issue 7B, 45791, 912, 486, 53.29%, 01.06%, 685, 56, -629, 75.1%, 
true, 198, [Crowley], Crowley County Commissioner - District 3, 1729, 1729, 967, 55.93%, 55.93%, 12, 15, 3, 00.9%, 
false, 199, [Larimer], Crystal Lakes Fire Protection District Ballot Issue 6F, 458224, 1197, 814, 68.00%, 00.18%, 4101, 121, -3980, 90.2%, 
true, 200, [Custer], Custer County Board of County Commissioners - District 2, 3932, 3932, 851, 21.64%, 21.64%, 32, 34, 2, 02.3%, 
false, 201, [Custer], Custer County Board of County Commissioners - District 3, 3932, 3932, 1236, 31.43%, 31.43%, 22, 34, 12, 00.4%, 
false, 203, [Delta], Delta County Commissioner - District 3, 19786, 19746, 5479, 27.75%, 27.69%, 25, 80, 55, 00.0%, 
true, 204, [Delta], Delta County Court - Zeerip, 19786, 19746, 1820, 09.22%, 09.20%, 78, 80, 2, 02.7%, 
true, 205, [Denver], Denver Ballot Issue 2Q, 1104271, 368208, 38403, 10.43%, 03.48%, 208, 258, 50, 01.3%, 
false, 206, [Denver], Denver Ballot Issue 2R, 1104271, 368208, 3706, 01.01%, 00.34%, 2170, 258, -1912, 65.9%, 
false, 207, [Denver], Denver Downtown Development Authority Ballot Issue 6A, 1104271, 1699, 823, 48.44%, 00.07%, 9776, 258, -9518, 91.2%, 
false, 208, [Denver], Denver Initiated Ordinance 308, 1104271, 366622, 50541, 13.79%, 04.58%, 158, 258, 100, 00.3%, 
false, 209, [Denver], Denver Initiated Ordinance 309, 1104271, 366622, 91313, 24.91%, 08.27%, 87, 258, 171, 00.0%, 
false, 210, [Denver], Denver Public Schools Ballot Issue 4A, 1104271, 366622, 169746, 46.30%, 15.37%, 46, 258, 212, 00.0%, 
false, 211, [Denver], Denver Referred Question 2S, 1104271, 368208, 97088, 26.37%, 08.79%, 81, 258, 177, 00.0%, 
false, 212, [Denver], Denver Referred Question 2T, 1104271, 368208, 4579, 01.24%, 00.41%, 1756, 258, -1498, 59.7%, 
false, 213, [Denver], Denver Referred Question 2U, 1104271, 368208, 92059, 25.00%, 08.34%, 86, 258, 172, 00.0%, 
false, 214, [Denver], Denver Referred Question 2V, 1104271, 368208, 94286, 25.61%, 08.54%, 84, 258, 174, 00.0%, 
false, 215, [Denver], Denver Referred Question 2W, 1104271, 366622, 68667, 18.73%, 06.22%, 116, 258, 142, 00.0%, 
false, 216, [Pueblo], District Attorney - 10th Judicial District, 170790, 86126, 10184, 11.82%, 05.96%, 121, 381, 260, 00.0%, 
true, 224, 02, District Attorney - 18th Judicial District, 372192, 351540, 46710, 13.29%, 12.55%, 57, 55, -2, 03.2%, 
false, 229, 02, District Attorney - 22nd Judicial District, 16889, 16757, 5305, 31.66%, 31.41%, 22, 61, 39, 00.0%, 
false, 230, 03, District Attorney - 23rd Judicial District, 271420, 271299, 59237, 21.83%, 21.82%, 32, 68, 36, 00.1%, 
false, 233, 02, District Attorney - 4th Judicial District, 404409, 403633, 83949, 20.80%, 20.76%, 34, 134, 100, 00.0%, 
false, 237, 02, District Attorney - 8th Judicial District, 459069, 229885, 2305, 01.00%, 00.50%, 1450, 121, -1329, 74.6%, 
false, 239, [Pueblo], District Court Judge - 10th Judicial District - O'Shea, 170790, 86126, 17651, 20.49%, 10.33%, 69, 381, 312, 00.0%, 
false, 240, 04, District Court Judge - 11th Judicial District - Turner, 58002, 56618, 6042, 10.67%, 10.42%, 69, 47, -22, 08.9%, 
false, 241, 06, District Court Judge - 12th Judicial District - Cortez, 32059, 24514, 8014, 32.69%, 25.00%, 28, 137, 109, 00.0%, 
false, 242, 07, District Court Judge - 13th Judicial District - Haenlein, 39062, 38927, 4106, 10.55%, 10.51%, 68, 110, 42, 00.3%, 
false, 243, 07, District Court Judge - 13th Judicial District - James, 39062, 38927, 4003, 10.28%, 10.25%, 70, 110, 40, 00.4%, 
false, 244, 07, District Court Judge - 13th Judicial District - McGuire, 39062, 38927, 6207, 15.95%, 15.89%, 44, 110, 66, 00.0%, 
false, 245, 04, District Court Judge - 15th Judicial District - Davidson, 9498, 9177, 2388, 26.02%, 25.14%, 28, 33, 5, 01.4%, 
false, 246, 03, District Court Judge - 16th Judicial District - Vigil, 12989, 12989, 4453, 34.28%, 34.28%, 20, 52, 32, 00.0%, 
false, 247, 02, District Court Judge - 17th Judicial District - Holbrook, 516401, 284415, 67695, 23.80%, 13.11%, 54, 236, 182, 00.0%, 
false, 248, 02, District Court Judge - 17th Judicial District - Martin, 516401, 284415, 57569, 20.24%, 11.15%, 64, 236, 172, 00.0%, 
false, 249, 02, District Court Judge - 17th Judicial District - Vasquez, 516401, 284415, 70851, 24.91%, 13.72%, 52, 236, 184, 00.0%, 
false, 250, 04, District Court Judge - 18th Judicial District - Figa, 622960, 602187, 127462, 21.17%, 20.46%, 34, 92, 58, 00.0%, 
false, 251, 04, District Court Judge - 18th Judicial District - Leutwyler, 622960, 602187, 123984, 20.59%, 19.90%, 35, 92, 57, 00.0%, 
false, 252, 04, District Court Judge - 18th Judicial District - Lung, 622960, 602187, 148783, 24.71%, 23.88%, 29, 92, 63, 00.0%, 
false, 253, 04, District Court Judge - 18th Judicial District - McLean, 622960, 602187, 168696, 28.01%, 27.08%, 25, 92, 67, 00.0%, 
false, 254, 04, District Court Judge - 18th Judicial District - Toussaint, 622960, 602187, 143718, 23.87%, 23.07%, 30, 92, 62, 00.0%, 
false, 255, 04, District Court Judge - 18th Judicial District - Whitaker, 622960, 602187, 155154, 25.77%, 24.91%, 28, 92, 64, 00.0%, 
false, 256, 04, District Court Judge - 18th Judicial District - Whitfield, 622960, 602187, 61762, 10.26%, 09.91%, 72, 92, 20, 01.1%, 
true, 257, [Weld], District Court Judge - 19th Judicial District - Crowther, 182397, 182060, 15611, 08.57%, 08.56%, 84, 87, 3, 02.6%, 
false, 258, [Weld], District Court Judge - 19th Judicial District - Esser, 182397, 182060, 34439, 18.92%, 18.88%, 37, 87, 50, 00.0%, 
false, 259, [Weld], District Court Judge - 19th Judicial District - Taylor, 182397, 182060, 37387, 20.54%, 20.50%, 34, 87, 53, 00.0%, 
false, 260, 02, District Court Judge - 1st Judicial District - Carrithers, 371962, 371544, 92064, 24.78%, 24.75%, 28, 67, 39, 00.0%, 
false, 261, 02, District Court Judge - 1st Judicial District - Hunt, 371962, 371544, 102453, 27.57%, 27.54%, 25, 67, 42, 00.0%, 
false, 262, [Boulder], District Court Judge - 20th Judicial District - Collins, 396121, 198600, 79250, 39.90%, 20.01%, 35, 120, 85, 00.0%, 
false, 263, [Boulder], District Court Judge - 20th Judicial District - Gunning, 396121, 198600, 80680, 40.62%, 20.37%, 34, 120, 86, 00.0%, 
false, 264, [Boulder], District Court Judge - 20th Judicial District - Lindsey, 396121, 198600, 77589, 39.07%, 19.59%, 36, 120, 84, 00.0%, 
false, 265, [Boulder], District Court Judge - 20th Judicial District - Mulvahill, 396121, 198600, 71385, 35.94%, 18.02%, 39, 120, 81, 00.0%, 
false, 266, 02, District Court Judge - 22nd Judicial District - Plewe, 16889, 16757, 5839, 34.85%, 34.57%, 20, 61, 41, 00.0%, 
false, 267, [Denver], District Court Judge - 2nd Judicial District Bailey, 1104271, 369425, 139893, 37.87%, 12.67%, 56, 258, 202, 00.0%, 
false, 268, [Denver], District Court Judge - 2nd Judicial District Espinosa, 1104271, 369425, 138785, 37.57%, 12.57%, 57, 258, 201, 00.0%, 
false, 269, [Denver], District Court Judge - 2nd Judicial District Grant, 1104271, 369425, 127035, 34.39%, 11.50%, 62, 258, 196, 00.0%, 
false, 270, [Denver], District Court Judge - 2nd Judicial District Moses, 1104271, 369425, 142873, 38.67%, 12.94%, 55, 258, 203, 00.0%, 
false, 271, [Denver], District Court Judge - 2nd Judicial District Myers, 1104271, 369425, 137956, 37.34%, 12.49%, 57, 258, 201, 00.0%, 
false, 272, [Denver], District Court Judge - 2nd Judicial District Schutte, 1104271, 369425, 147075, 39.81%, 13.32%, 53, 258, 205, 00.0%, 
false, 273, [Denver], District Court Judge - 2nd Judicial District Scoville, 1104271, 369425, 138208, 37.41%, 12.52%, 57, 258, 201, 00.0%, 
false, 274, [Denver], District Court Judge - 2nd Judicial District Trujillo, 1104271, 369425, 141320, 38.25%, 12.80%, 56, 258, 202, 00.0%, 
false, 275, 02, District Court Judge - 4th Judicial District - Bentley, 404409, 403633, 69412, 17.20%, 17.16%, 41, 134, 93, 00.0%, 
false, 276, 02, District Court Judge - 4th Judicial District - Billings-Vela, 404409, 403633, 67101, 16.62%, 16.59%, 43, 134, 91, 00.0%, 
false, 277, 02, District Court Judge - 4th Judicial District - Brady, 404409, 403633, 84870, 21.03%, 20.99%, 33, 134, 101, 00.0%, 
false, 278, 02, District Court Judge - 4th Judicial District - Evig, 404409, 403633, 63851, 15.82%, 15.79%, 45, 134, 89, 00.0%, 
false, 279, 02, District Court Judge - 4th Judicial District - Findorff, 404409, 403633, 57392, 14.22%, 14.19%, 50, 134, 84, 00.0%, 
false, 280, 02, District Court Judge - 4th Judicial District - May, 404409, 403633, 75493, 18.70%, 18.67%, 38, 134, 96, 00.0%, 
false, 281, 02, District Court Judge - 4th Judicial District - Moller, 404409, 403633, 70605, 17.49%, 17.46%, 40, 134, 94, 00.0%, 
false, 282, 02, District Court Judge - 4th Judicial District - Shakes, 404409, 403633, 95958, 23.77%, 23.73%, 29, 134, 105, 00.0%, 
false, 283, 04, District Court Judge - 5th Judicial District - Olguin-Fresquez, 56960, 56189, 18001, 32.04%, 31.60%, 22, 92, 70, 00.0%, 
false, 284, 02, District Court Judge - 6th Judicial District - Shropshire, 45639, 45639, 13682, 29.98%, 29.98%, 23, 80, 57, 00.0%, 
false, 285, 06, District Court Judge - 7th Judicial District - Schultz, 66700, 66506, 13567, 20.40%, 20.34%, 34, 82, 48, 00.0%, 
false, 286, 06, District Court Judge - 7th Judicial District - Yoder, 66700, 66506, 14583, 21.93%, 21.86%, 32, 82, 50, 00.0%, 
false, 287, 02, District Court Judge - 8th Judicial District - Cure, 459069, 229885, 61502, 26.75%, 13.40%, 53, 121, 68, 00.0%, 
false, 288, 02, District Court Judge - 8th Judicial District - Findley, 459069, 229885, 61879, 26.92%, 13.48%, 53, 121, 68, 00.0%, 
false, 289, 03, District Court Judge - 9th Judicial District - Norrdin, 45826, 45826, 16119, 35.17%, 35.17%, 19, 165, 146, 00.0%, 
false, 290, [Dolores], Dolores County Commissioner District 2, 1453, 1431, 299, 20.89%, 20.58%, 34, 146, 112, 00.0%, 
false, 291, [Dolores], Dolores County Commissioner District 3, 1453, 1431, 516, 36.06%, 35.51%, 19, 146, 127, 00.0%, 
false, 292, [Montezuma], Dolores School District RE-4A Ballot Issue 4-A, 15436, 2732, 942, 34.48%, 06.10%, 118, 56, -62, 18.8%, 
true, 293, [Douglas], Douglas County Commissioner - District 2, 248173, 248052, 29760, 12.00%, 11.99%, 59, 62, 3, 02.5%, 
false, 294, [Douglas], Douglas County Commissioner - District 3, 248173, 248052, 35059, 14.13%, 14.13%, 50, 62, 12, 01.3%, 
false, 295, [Douglas], Douglas County Court - Waidler, 248173, 248052, 66889, 26.97%, 26.95%, 26, 62, 36, 00.0%, 
false, 296, 02, Douglas County School District RE-1 Ballot Issue 5A, 268825, 250197, 44093, 17.62%, 16.40%, 43, 67, 24, 00.4%, 
true, 297, [Dolores], Dove Creek Ambulance District Ballot Issue 6A, 1453, 1189, 195, 16.40%, 13.42%, 53, 146, 93, 00.0%, 
false, 298, [La Plata], Durango School District 9-R Ballot Issue 4A, 36150, 26997, 5622, 20.82%, 15.55%, 45, 63, 18, 00.7%, 
true, 299, [Eagle], Eagle County Commissioner - District 1, 28988, 28217, 4635, 16.43%, 15.99%, 44, 47, 3, 02.3%, 
false, 301, [Eagle], Eagle River Fire Protection District Ballot Issue 6A, 28988, 11090, 3052, 27.52%, 10.53%, 68, 47, -21, 08.6%, 
false, 302, [El Paso], El Paso County Commissioner - District 2, 387297, 86597, 24150, 27.89%, 06.24%, 115, 128, 13, 02.0%, 
false, 303, [El Paso], El Paso County Commissioner - District 3, 387297, 91244, 7262, 07.96%, 01.88%, 387, 128, -259, 31.3%, 
false, 304, [El Paso], El Paso County Commissioner - District 4, 387297, 57957, 9878, 17.04%, 02.55%, 284, 128, -156, 20.6%, 
false, 305, [El Paso], El Paso County Court - Ankeny, 387297, 387050, 88436, 22.85%, 22.83%, 30, 128, 98, 00.0%, 
false, 306, [El Paso], El Paso County Court - Fennick, 387297, 387050, 68816, 17.78%, 17.77%, 40, 128, 88, 00.0%, 
false, 307, [El Paso], El Paso County Court - Gerhart, 387297, 387050, 95264, 24.61%, 24.60%, 28, 128, 100, 00.0%, 
false, 308, [El Paso], El Paso County Court - Katzman, 387297, 387050, 51888, 13.41%, 13.40%, 53, 128, 75, 00.0%, 
false, 309, [El Paso], El Paso County Court - McKedy, 387297, 387050, 84435, 21.82%, 21.80%, 32, 128, 96, 00.0%, 
false, 310, [El Paso], El Paso County School District No. 20 (Academy) Ballot Issue 4B, 387297, 77299, 11171, 14.45%, 02.88%, 251, 128, -123, 16.7%, 
true, 313, [Elbert], Elbert County Question 1A, 20652, 20652, 9438, 45.70%, 45.70%, 14, 21, 7, 00.5%, 
false, 314, [Boulder], Eldorado Springs Public Improvement District Ballot Question 6C, 396121, 176, 135, 76.70%, 00.03%, 21380, 120, -21260, 98.1%, 
false, 315, [Elbert], Elizabeth Mayor, 20652, 1590, 47, 02.96%, 00.23%, 3201, 21, -3180, 97.7%, 
false, 316, [Elbert], Elizabeth Trustee Ward 1, 20652, 509, 47, 09.23%, 00.23%, 3201, 21, -3180, 97.7%, 
false, 317, [Elbert], Elizabeth Trustee Ward 3, 20652, 570, 10, 01.75%, 00.05%, 15048, 21, -15027, 99.5%, 
false, 318, [Jefferson], Fairmount Fire Protection District Ballot Issue 6B, 367779, 7078, 2658, 37.55%, 00.72%, 1007, 66, -941, 79.5%, 
false, 319, [Jefferson], Fairmount Fire Protection District Ballot Question 6C, 367779, 7078, 3632, 51.31%, 00.99%, 736, 66, -670, 73.0%, 
false, 320, [Kit Carson], Flagler Rural Fire Protection District Ballot Issue 6C, 3807, 601, 79, 13.14%, 02.08%, 350, 109, -241, 33.5%, 
false, 321, [El Paso], Flying Horse Metropolitan District No. 2 Ballot Question 6C, 387297, 3145, 1633, 51.92%, 00.42%, 1727, 128, -1599, 77.1%, 
false, 322, [El Paso], Flying Horse Metropolitan District No. 3 Ballot Question 6D, 387297, 426, 221, 51.88%, 00.06%, 12769, 128, -12641, 96.5%, 
false, 323, [Jefferson], Foothills Park & Recreation District Ballot Issue 6D, 367779, 63117, 30452, 48.25%, 08.28%, 87, 66, -21, 06.8%, 
true, 325, [Fremont], Fremont County Board of County Commissioners - District 3, 26051, 25831, 9809, 37.97%, 37.65%, 18, 21, 3, 01.5%, 
false, 327, [Logan], Frenchman School District No. RE-3 Referred Ballot Issue 4D, 10274, 624, 59, 09.46%, 00.57%, 1268, 64, -1204, 83.8%, 
false, 328, [Chaffee], Funding Poncha Springs Law Enforcement And Parks And Recreation, 14627, 1021, 40, 03.92%, 00.27%, 2663, 89, -2574, 88.9%, 
false, 329, [Garfield], Garfield County Court - Roff, 30750, 30750, 404, 01.31%, 01.31%, 553, 117, -436, 47.6%, 
true, 330, [Gilpin], Gilpin County Commissioner - District 1, 4183, 4183, 217, 05.19%, 05.19%, 139, 139, 0, 03.0%, 
false, 331, [Gilpin], Gilpin County Commissioner - District 3, 4183, 4183, 107, 02.56%, 02.56%, 283, 139, -144, 17.9%, 
false, 332, [Garfield], Glenwood Springs Ballot Issue 2A  Tax increase for Streets, 30750, 4845, 91, 01.88%, 00.30%, 2461, 117, -2344, 84.6%, 
false, 333, [Grand], Granby Ranch Metropolitan District Ballot Issue 6A - Repeal Unused Debt Authorization, 10236, 282, 201, 71.28%, 01.96%, 370, 57, -313, 58.2%, 
false, 334, [Grand], Grand County Ballot Issue 1A - Lodging Tax Increase, 10236, 10060, 1804, 17.93%, 17.62%, 40, 57, 17, 00.6%, 
false, 335, [Grand], Grand County Commissioner - District 1, 10236, 10060, 1455, 14.46%, 14.21%, 50, 57, 7, 01.7%, 
true, 336, [Grand], Grand County Commissioner - District 2, 10236, 10060, 1346, 13.38%, 13.15%, 54, 57, 3, 02.4%, 
false, 337, [Gunnison], Gunnison County Commissioner - District 1, 11126, 11126, 2722, 24.47%, 24.47%, 28, 49, 21, 00.2%, 
false, 338, [Gunnison], Gunnison County Commissioner - District 2, 11126, 11126, 2592, 23.30%, 23.30%, 30, 49, 19, 00.3%, 
true, 339, [Gunnison], Gunnison County Library District Ballot Issue 6A, 11126, 11126, 1683, 15.13%, 15.13%, 47, 49, 2, 02.4%, 
false, 340, [El Paso], Harrison School District No. 2 Ballot Issue 4A, 387297, 25420, 3542, 13.93%, 00.91%, 795, 128, -667, 56.9%, 
false, 341, [Park], Hartsel Fire Protection District Ballot Issue 6A - Mill Levy Increase, 13392, 2070, 255, 12.32%, 01.90%, 381, 56, -325, 59.7%, 
true, 342, [Hinsdale], Hinsdale County Commissioner District 1, 618, 618, 104, 16.83%, 16.83%, 42, 81, 39, 00.1%, 
false, 345, [Hinsdale], Hinsdale County Sheriff, 618, 618, 160, 25.89%, 25.89%, 27, 81, 54, 00.0%, 
false, 346, 03, Holyoke School District RE-1J Ballot Issue 5K - Bonds, 8474, 1566, 70, 04.47%, 00.83%, 881, 32, -849, 88.0%, 
false, 347, [Boulder], Homestead Public Improvement District of Boulder County Ballot Issue 6D, 396121, 171, 33, 19.30%, 00.01%, 87469, 120, -87349, 99.5%, 
true, 348, [Huerfano], Huerfano County Commissioner - District 1, 4511, 4511, 628, 13.92%, 13.92%, 51, 53, 2, 02.5%, 
false, 349, [Huerfano], Huerfano County Commissioner - District 2, 4511, 4511, 40, 00.89%, 00.89%, 820, 53, -767, 79.7%, 
false, 350, [Adams], Hyland Hills Park and Recreation District Ballot Issue No. 6B, 468858, 51732, 8023, 15.51%, 01.71%, 424, 214, -210, 17.0%, 
false, 351, [Gilpin], Increase in City Lodging Tax, 4183, 66, 24, 36.36%, 00.57%, 1269, 139, -1130, 68.1%, 
false, 354, [Jefferson], Jefferson County Ballot Issue 1A, 367779, 367361, 53261, 14.50%, 14.48%, 49, 66, 17, 00.8%, 
false, 355, [Jefferson], Jefferson County Commissioner - District 1, 367779, 367361, 43566, 11.86%, 11.85%, 60, 66, 6, 02.1%, 
true, 356, [Jefferson], Jefferson County Commissioner - District 2, 367779, 367361, 41410, 11.27%, 11.26%, 63, 66, 3, 02.5%, 
false, 357, [Jefferson], Jefferson County Court- Burback, 367779, 367361, 108107, 29.43%, 29.39%, 23, 66, 43, 00.0%, 
false, 358, [Jefferson], Jefferson County Court-Carpenter, 367779, 367361, 108347, 29.49%, 29.46%, 23, 66, 43, 00.0%, 
false, 359, [Jefferson], Jefferson County Court-Goman, 367779, 367361, 102877, 28.00%, 27.97%, 25, 66, 41, 00.0%, 
false, 360, [Jefferson], Jefferson County Court-Peper, 367779, 367361, 106431, 28.97%, 28.94%, 24, 66, 42, 00.0%, 
false, 361, [Jefferson], Jefferson County Court-Wheeler, 367779, 367361, 110228, 30.01%, 29.97%, 23, 66, 43, 00.0%, 
false, 362, [Jefferson], Ken-Caryl Metropolitan District Ballot Issue 6F, 367779, 7553, 2211, 29.27%, 00.60%, 1211, 66, -1145, 82.6%, 
false, 363, [Kiowa], Kiowa County Ballot Issue 1A, 1060, 870, 100, 11.49%, 09.43%, 76, 57, -19, 07.0%, 
false, 364, [Kiowa], Kiowa County Ballot Issue 1B - Lodging Tax, 1060, 870, 98, 11.26%, 09.25%, 77, 57, -20, 07.4%, 
true, 367, [Kiowa], Kiowa County Hospital District Ballot Question 6A, 1060, 1060, 136, 12.83%, 12.83%, 55, 57, 2, 02.6%, 
false, 368, [Kiowa], Kiowa County Public Library District Ballot Question 6B, 1060, 870, 420, 48.28%, 39.62%, 17, 57, 40, 00.0%, 
false, 370, [Elbert], Kiowa School District C-2 Issue 4A, 20652, 2166, 86, 03.97%, 00.42%, 1749, 21, -1728, 95.9%, 
false, 373, [La Plata], La Plata County Ballot Issue 1A, 36150, 24578, 8804, 35.82%, 24.35%, 28, 63, 35, 00.0%, 
true, 375, [La Plata], La Plata County Commissioner District 3, 36150, 36150, 4183, 11.57%, 11.57%, 62, 63, 1, 02.7%, 
false, 376, [La Plata], La Plata County Treasurer, 36150, 36150, 21846, 60.43%, 60.43%, 11, 63, 52, 00.0%, 
false, 377, [Boulder], Lafayette Downtown Development Authority Ballot Issue 6B, 396121, 327, 165, 50.46%, 00.04%, 17493, 120, -17373, 97.6%, 
false, 378, [Boulder], Lafayette Downtown Development Authority Ballot Question 6A, 396121, 327, 181, 55.35%, 00.05%, 15946, 120, -15826, 97.4%, 
false, 380, [Lake], Lake County Commissioner District 1, 3973, 3973, 816, 20.54%, 20.54%, 34, 116, 82, 00.0%, 
false, 381, [Lake], Lake County Commissioner District 2, 3973, 3973, 293, 07.37%, 07.37%, 97, 116, 19, 01.5%, 
false, 382, [Lake], Lake County Commissioner District 3, 3973, 3973, 280, 07.05%, 07.05%, 102, 116, 14, 01.8%, 
true, 383, [Lake], Lake County School District R-1 Ballot Issue 4A, 3973, 3973, 251, 06.32%, 06.32%, 114, 116, 2, 02.8%, 
false, 384, [Larimer], Larimer County Ballot Issue 1A, 458224, 228213, 7686, 03.37%, 01.68%, 433, 121, -312, 37.5%, 
true, 385, [Larimer], Larimer County Clerk and Recorder, 458224, 229040, 32770, 14.31%, 07.15%, 100, 121, 21, 01.4%, 
false, 386, [Larimer], Larimer County Commissioner - District 2, 458224, 229040, 23897, 10.43%, 05.22%, 138, 121, -17, 04.6%, 
false, 387, [Larimer], Larimer County Commissioner - District 3, 458224, 229040, 20387, 08.90%, 04.45%, 162, 121, -41, 07.3%, 
false, 388, [Larimer], Larimer County Court Judge - Ecton, 458224, 229040, 47914, 20.92%, 10.46%, 68, 121, 53, 00.2%, 
false, 389, [Larimer], Larimer County Court Judge - Lehman, 458224, 229040, 80655, 35.21%, 17.60%, 40, 121, 81, 00.0%, 
false, 390, [Larimer], Larimer County Fox Ridge Estates Public Improvement District No. 79 Ballot Issue 6E, 458224, 27, 18, 66.67%, 00.00%, 185502, 121, -185381, 99.8%, 
false, 391, [Larimer], Larimer County Grayhawk Knolls Public Improvement District No. 43 Ballot Issue 6C, 458224, 54, 19, 35.19%, 00.00%, 175739, 121, -175618, 99.8%, 
false, 392, [Larimer], Larimer County Poudre Overlook Public Improvement District No. 30 Ballot Issue 6A, 458224, 184, 95, 51.63%, 00.02%, 35147, 121, -35026, 98.8%, 
false, 393, [Larimer], Larimer County Tanager Public Improvement District No. 72 Ballot Issue 6D, 458224, 33, 23, 69.70%, 00.01%, 145175, 121, -145054, 99.7%, 
false, 394, [Larimer], Larimer County Vine Drive Public Improvement District No. 29 Ballot Issue 6B, 458224, 70, 30, 42.86%, 00.01%, 111301, 121, -111180, 99.6%, 
true, 396, [Las Animas], Las Animas County Commissioner District 2, 7886, 7886, 1486, 18.84%, 18.84%, 37, 40, 3, 02.2%, 
false, 397, [Lake], Leadville Lake County Regional Housing Authority Ballot Issue 6A, 3973, 3973, 695, 17.49%, 17.49%, 40, 116, 76, 00.0%, 
false, 398, [Lincoln], Lincoln County Commissioner - District 2, 2595, 2595, 1010, 38.92%, 38.92%, 17, 25, 8, 00.5%, 
true, 399, [Lincoln], Lincoln County Commissioner - District 3, 2595, 2595, 798, 30.75%, 30.75%, 22, 25, 3, 01.8%, 
true, 402, [Logan], Logan County Court Judge - Brammer, 10274, 10274, 1200, 11.68%, 11.68%, 61, 64, 3, 02.4%, 
true, 403, [Mesa], Mesa County Ballot Issue 1A, 92921, 92921, 11483, 12.36%, 12.36%, 58, 60, 2, 02.5%, 
false, 404, [Mesa], Mesa County Ballot Issue 1B, 92921, 92921, 11483, 12.36%, 12.36%, 58, 60, 2, 02.5%, 
false, 405, [Mesa], Mesa County Commissioner - District 1, 92921, 92921, 28421, 30.59%, 30.59%, 22, 60, 38, 00.0%, 
false, 407, [Mesa], Mesa County Court Judge - Grattan III, 92921, 92921, 27997, 30.13%, 30.13%, 23, 60, 37, 00.0%, 
false, 408, [Mesa], Mesa County Valley School District 51 Ballot Issue 4A, 92921, 90852, 17946, 19.75%, 19.31%, 36, 60, 24, 00.3%, 
false, 409, [Mesa], Mesa County Valley School District 51 Ballot Issue 4B, 92921, 90852, 14650, 16.13%, 15.77%, 45, 60, 15, 00.9%, 
true, 411, [Mineral], Mineral County Commissioner - District 3, 766, 766, 334, 43.60%, 43.60%, 15, 18, 3, 01.4%, 
false, 412, [Moffat], Moffat County Commissioner District 1, 6699, 6699, 3349, 49.99%, 49.99%, 13, 47, 34, 00.0%, 
false, 414, [Montezuma], Montezuma Cortez RE-1 Ballot Issue 4-B, 15436, 9917, 671, 06.77%, 04.35%, 166, 56, -110, 30.6%, 
true, 415, [Montezuma], Montezuma County Ballot Issue 1-A, 15436, 15326, 2053, 13.40%, 13.30%, 53, 56, 3, 02.4%, 
true, 419, [Montrose], Montrose County Commissioner - District 3, 26005, 25991, 6122, 23.55%, 23.54%, 30, 32, 2, 02.1%, 
false, 420, [Montrose], Montrose County Court - Beckenhauer, 26005, 25991, 6351, 24.44%, 24.42%, 28, 32, 4, 01.8%, 
false, 421, [Montrose], Montrose County Court - Harvell, 26005, 25991, 5083, 19.56%, 19.55%, 36, 32, -4, 04.2%, 
false, 422, 03, Montrose School District RE-1J Ballot Issue 5A, 41288, 24741, 11111, 44.91%, 26.91%, 26, 51, 25, 00.1%, 
false, 423, [Morgan], Morgan County Commissioner District 1, 13669, 13602, 6219, 45.72%, 45.50%, 15, 38, 23, 00.0%, 
false, 424, [Morgan], Morgan County Commissioner District 3, 13669, 13602, 7382, 54.27%, 54.01%, 12, 38, 26, 00.0%, 
false, 425, [Jefferson], Mountain Shadows Metropolitan District Ballot Issue 6E, 367779, 1135, 238, 20.97%, 00.06%, 11259, 66, -11193, 98.0%, 
false, 426, [Gunnison], Mt Crested Butte Town Council, 11126, 721, 34, 04.72%, 00.31%, 2383, 49, -2334, 93.0%, 
true, 427, [Jackson], NORTH PARK SCHOOL DISTRICT R-1 BALLOT ISSUE 4A, 845, 845, 106, 12.54%, 12.54%, 57, 57, 0, 02.9%, 
false, 428, [Adams], North Range Metropolitan District No 2 Ballot Question 6I, 468858, 1596, 667, 41.79%, 00.14%, 5121, 214, -4907, 86.4%, 
false, 429, [Adams], North Range Metropolitan District No 2 Ballot Question 6J, 468858, 1596, 672, 42.11%, 00.14%, 5083, 214, -4869, 86.3%, 
false, 430, [Adams], North Range Metropolitan District No 2 Ballot Question 6K, 468858, 1596, 734, 45.99%, 00.16%, 4653, 214, -4439, 85.1%, 
false, 431, [Adams], North Range Metropolitan District No 2 Ballot Question 6L, 468858, 1596, 666, 41.73%, 00.14%, 5129, 214, -4915, 86.4%, 
false, 432, 02, Norwood Fire Protection District Ballot Issue 7A, 31013, 1225, 586, 47.84%, 01.89%, 384, 38, -346, 70.7%, 
false, 433, 02, Norwood School District R-2J Issue 5B, 31013, 1174, 89, 07.58%, 00.29%, 2538, 38, -2500, 94.9%, 
true, 434, [Otero], Otero County Ballot Question 1A, 9039, 9039, 3659, 40.48%, 40.48%, 17, 36, 19, 00.0%, 
true, 437, [Ouray], Ouray County Commissioner - District 1, 4157, 4157, 411, 09.89%, 09.89%, 72, 75, 3, 02.6%, 
false, 439, [Ouray], Ouray County Court - Thomasson, 4157, 4157, 1713, 41.21%, 41.21%, 16, 75, 59, 00.0%, 
false, 440, [Garfield], Parachute Ballot Issue 2B Increase sales and use tax streets, 30750, 468, 87, 18.59%, 00.28%, 2574, 117, -2457, 85.3%, 
true, 441, [Park], Park County Commissioner District 1, 13392, 12228, 1816, 14.85%, 13.56%, 52, 56, 4, 02.3%, 
false, 442, [Park], Park County Commissioner District 2, 13392, 12228, 1878, 15.36%, 14.02%, 51, 56, 5, 02.0%, 
false, 445, [Phillips], Phillips County Court Judge - Killin, 2384, 2384, 1522, 63.84%, 63.84%, 10, 68, 58, 00.0%, 
true, 447, [Pitkin], Pitkin County Ballot Issue 1A: Affordable and Workforce Housing Mill Levy, 11348, 11348, 2091, 18.43%, 18.43%, 38, 41, 3, 02.2%, 
false, 448, [Pitkin], Pitkin County Ballot Issue 1B: County Solid Waste Center Bonds, 11348, 11348, 6731, 59.31%, 59.31%, 11, 41, 30, 00.0%, 
false, 449, [Pitkin], Pitkin County Ballot Question 1C: BOCC Referred Home Rule Charter Amendment, 11348, 11348, 3509, 30.92%, 30.92%, 22, 41, 19, 00.1%, 
false, 450, [Pitkin], Pitkin County Ballot Question 200: Citizen Initiated Home Rule Charter Amendment, 11348, 11348, 2074, 18.28%, 18.28%, 38, 41, 3, 02.3%, 
false, 453, [Pitkin], Pitkin County Commissioner - District 5, 11348, 11348, 3926, 34.60%, 34.60%, 20, 41, 21, 00.1%, 
false, 454, [Pitkin], Pitkin County Court - Andrews, 11348, 11348, 5701, 50.24%, 50.24%, 13, 41, 28, 00.0%, 
false, 455, [Arapahoe], Polo Reserve Metropolitan District Ballot Issue 6A, 351540, 108, 21, 19.44%, 00.01%, 121983, 52, -121931, 99.9%, 
false, 456, [Larimer], Poudre School District R-1 Ballot Issue 4A, 458224, 133149, 17499, 13.14%, 03.82%, 189, 121, -68, 10.6%, 
true, 457, 63, Presidential Electors, 4767518, 3239722, 350348, 10.81%, 07.35%, 98, 707, 609, 00.0%, 
false, 458, 63, Proposition 127 (STATUTORY), 4767518, 3236953, 289847, 08.95%, 06.08%, 118, 707, 589, 00.0%, 
false, 459, 63, Proposition 128 (STATUTORY), 4767518, 3236953, 728725, 22.51%, 15.29%, 46, 707, 661, 00.0%, 
false, 460, 63, Proposition 129 (STATUTORY), 4767518, 3236000, 164544, 05.08%, 03.45%, 210, 707, 497, 00.0%, 
false, 461, 62, Proposition 130 (STATUTORY), 4763711, 3232261, 167935, 05.20%, 03.53%, 205, 706, 501, 00.0%, 
true, 462, [Kit Carson], Proposition 130 (STATUTORY) - Kit Carson, 3807, 3739, 256, 06.85%, 06.72%, 107, 109, 2, 02.8%, 
false, 463, 63, Proposition 131 (STATUTORY), 4767518, 3236000, 210403, 06.50%, 04.41%, 164, 707, 543, 00.0%, 
false, 464, 63, Proposition JJ (STATUTORY), 4767518, 3238465, 1618132, 49.97%, 33.94%, 20, 707, 687, 00.0%, 
false, 465, 63, Proposition KK (STATUTORY), 4767518, 3238465, 268650, 08.30%, 05.64%, 128, 707, 579, 00.0%, 
true, 466, [Prowers], Prowers County Ballot Issue 1A, 5209, 5209, 2364, 45.38%, 45.38%, 15, 18, 3, 01.1%, 
false, 469, [Pueblo], Pueblo County Commissioner - District 1, 170790, 86126, 1560, 01.81%, 00.91%, 796, 381, -415, 18.7%, 
true, 470, [Pueblo], Pueblo County Commissioner - District 2, 170790, 86126, 3294, 03.82%, 01.93%, 376, 381, 5, 02.9%, 
false, 471, [Pueblo], Pueblo County Court - Silva, 170790, 86126, 15503, 18.00%, 09.08%, 79, 381, 302, 00.0%, 
false, 472, [Pueblo], Pueblo County Court - Vellar, 170790, 86126, 12033, 13.97%, 07.05%, 102, 381, 279, 00.0%, 
false, 473, [Pueblo], Pueblo County Rural 70 School District Ballot Issue 4A, 170790, 34405, 1789, 05.20%, 01.05%, 694, 381, -313, 14.6%, 
false, 474, [Rio Blanco], Rangely School District RE-4 Ballot Issue 4A, 3728, 1372, 150, 10.93%, 04.02%, 180, 58, -122, 32.1%, 
true, 475, 63, Regent of the University of Colorado - At Large, 4767518, 3239722, 115121, 03.55%, 02.41%, 300, 707, 407, 00.0%, 
false, 476, 26, Regent of the University of Colorado - Congressional District 3, 527947, 411636, 53314, 12.95%, 10.10%, 71, 339, 268, 00.0%, 
false, 477, [El Paso], Regent of the University of Colorado - Congressional District 5, 387297, 381486, 61239, 16.05%, 15.81%, 45, 128, 83, 00.0%, 
false, 478, 08, Regional Transportation District Ballot Issue 7A, 3166682, 1671212, 648779, 38.82%, 20.49%, 34, 468, 434, 00.0%, 
false, 479, [Weld], Regional Transportation District Ballot Question 7B, 182397, 2179, 67, 03.07%, 00.04%, 19836, 87, -19749, 98.5%, 
false, 480, 02, Regional Transportation District Director - District A, 1455811, 121919, 16512, 13.54%, 01.13%, 641, 215, -426, 30.8%, 
false, 481, 03, Regional Transportation District Director - District D, 1823590, 102354, 5920, 05.78%, 00.32%, 2243, 269, -1974, 65.7%, 
false, 482, 02, Regional Transportation District Director - District E, 1455811, 85759, 31253, 36.44%, 02.15%, 338, 215, -123, 10.7%, 
false, 483, [Arapahoe], Regional Transportation District Director - District F, 351540, 92273, 3870, 04.19%, 01.10%, 661, 52, -609, 75.9%, 
false, 487, [Jefferson], Regional Transportation District Director - District M, 367779, 118203, 70306, 59.48%, 19.12%, 37, 66, 29, 00.2%, 
false, 488, 03, Representative to the 119th United States Congress - District 1, 1823590, 372303, 190008, 51.04%, 10.42%, 69, 269, 200, 00.0%, 
false, 489, 11, Representative to the 119th United States Congress - District 2, 1506033, 437926, 164187, 37.49%, 10.90%, 65, 270, 205, 00.0%, 
false, 490, 26, Representative to the 119th United States Congress - District 3, 527947, 411636, 19983, 04.85%, 03.79%, 191, 339, 148, 00.2%, 
false, 491, 21, Representative to the 119th United States Congress - District 4, 2172246, 468420, 51961, 11.09%, 02.39%, 303, 320, 17, 02.5%, 
false, 492, [El Paso], Representative to the 119th United States Congress - District 5, 387297, 381486, 49966, 13.10%, 12.90%, 55, 128, 73, 00.0%, 
false, 493, 05, Representative to the 119th United States Congress - District 6, 2540621, 366168, 70501, 19.25%, 02.77%, 261, 375, 114, 00.6%, 
false, 494, 11, Representative to the 119th United States Congress - District 7, 1532961, 452678, 60409, 13.34%, 03.94%, 184, 277, 93, 00.5%, 
false, 495, 03, Representative to the 119th United States Congress - District 8, 1109479, 349105, 2448, 00.70%, 00.22%, 3301, 293, -3008, 73.3%, 
false, 496, [Chaffee], Retain Revenue For Affordable Housing, 14627, 13566, 2294, 16.91%, 15.68%, 45, 89, 44, 00.1%, 
false, 497, [Dolores], Rico Fire Protection District Ballot Question 6B, 1453, 211, 168, 79.62%, 11.56%, 62, 146, 84, 00.0%, 
false, 500, [Rio Grande], Rio Grande County Commissioner District 1, 6286, 6286, 3230, 51.38%, 51.38%, 13, 35, 22, 00.0%, 
true, 502, [Rio Grande], Rio Grande County Court - Stenger, 6286, 6286, 1382, 21.99%, 21.99%, 32, 35, 3, 02.0%, 
true, 503, [Routt], Routt County Commissioner - District 1, 33261, 16628, 1400, 08.42%, 04.21%, 172, 175, 3, 02.8%, 
false, 504, [Routt], Routt County Commissioner - District 2, 33261, 16628, 3655, 21.98%, 10.99%, 65, 175, 110, 00.0%, 
true, 505, [Saguache], Saguache County Commissioner District 1, 3446, 3446, 208, 06.04%, 06.04%, 119, 119, 0, 03.0%, 
false, 506, [Saguache], Saguache County Commissioner District 2, 3446, 3446, 164, 04.76%, 04.76%, 152, 119, -33, 06.3%, 
false, 507, [Saguache], Saguache County Court - Schuenemann, 3446, 3446, 1111, 32.24%, 32.24%, 21, 119, 98, 00.0%, 
false, 508, 02, San Miguel Authority for Regional Transportation (SMART) Ballot Issue 3A, 6461, 4028, 186, 04.62%, 02.88%, 252, 49, -203, 50.5%, 
true, 509, [San Miguel], San Miguel County Ballot Question 1A, 5008, 4868, 996, 20.46%, 19.89%, 35, 38, 3, 02.2%, 
false, 510, [San Miguel], San Miguel County Ballot Question 1B, 5008, 4868, 1353, 27.79%, 27.02%, 26, 38, 12, 00.5%, 
false, 513, [San Miguel], San Miguel County Commissioner - District 3, 5008, 4868, 2546, 52.30%, 50.84%, 13, 38, 25, 00.0%, 
false, 514, [Adams], Second Creek Farm Metropolitan District No 2 Ballot Question 6C, 468858, 259, 100, 38.61%, 00.02%, 34164, 214, -33950, 97.8%, 
false, 515, [Adams], Second Creek Farm Metropolitan District No 2 Ballot Question 6D, 468858, 259, 35, 13.51%, 00.01%, 97615, 214, -97401, 99.2%, 
false, 516, [Adams], Second Creek Farm Metropolitan District No 2 Ballot Question 6E, 468858, 259, 3, 01.16%, 00.00%, 1138851, 214, -1138637, 99.9%, 
false, 517, [Adams], Second Creek Farm Metropolitan District No 2 Ballot Question 6F, 468858, 259, 5, 01.93%, 00.00%, 683310, 214, -683096, 99.9%, 
false, 518, [Adams], Second Creek Farm Metropolitan District No 2 Ballot Question 6G, 468858, 259, 32, 12.36%, 00.01%, 106766, 214, -106552, 99.3%, 
false, 519, [Adams], Second Creek Farm Metropolitan District No 2 Ballot Question 6H, 468858, 259, 98, 37.84%, 00.02%, 34861, 214, -34647, 97.9%, 
true, 521, [Sedgwick], Sedgwick County Commissioner - District 3, 1371, 1371, 116, 08.46%, 08.46%, 85, 84, -1, 03.0%, 
false, 522, [Sedgwick], Sedgwick County Court - Landry, 1371, 1371, 423, 30.85%, 30.85%, 22, 84, 62, 00.0%, 
false, 524, [Adams], South Adams County Water and Sanitation District Ballot Issue No. 6A, 468858, 30135, 13758, 45.65%, 02.93%, 247, 214, -33, 04.8%, 
false, 525, [Douglas], Spring Canyon Ballot Issue 6B, 248173, 48, 10, 20.83%, 00.00%, 180842, 62, -180780, 99.9%, 
false, 526, 04, St. Vrain Valley School District RE-1J Ballot Issue 5C, 1084285, 119603, 52696, 44.06%, 04.86%, 149, 287, 138, 00.1%, 
false, 527, 03, St. Vrain and Left Hand Water Conservancy District Ballot Issue 7C, 1036742, 76515, 48151, 62.93%, 04.64%, 155, 274, 119, 00.2%, 
false, 528, 11, State Board of Education Member - Congressional District 2, 1506033, 437926, 297038, 67.83%, 19.72%, 36, 270, 234, 00.0%, 
false, 529, 26, State Board of Education Member - Congressional District 3, 527947, 411636, 53350, 12.96%, 10.11%, 71, 339, 268, 00.0%, 
false, 530, 21, State Board of Education Member - Congressional District 4, 2172246, 468420, 91667, 19.57%, 04.22%, 171, 320, 149, 00.1%, 
false, 531, 03, State Board of Education Member - Congressional District 8, 1109479, 349105, 16038, 04.59%, 01.45%, 503, 293, -210, 12.9%, 
false, 532, 02, State Representative - District 1, 1472050, 38101, 10071, 26.43%, 00.68%, 1064, 264, -800, 41.9%, 
true, 533, [Boulder], State Representative - District 10, 396121, 44675, 27538, 61.64%, 06.95%, 103, 120, 17, 01.7%, 
false, 534, [Boulder], State Representative - District 11, 396121, 48977, 17630, 36.00%, 04.45%, 162, 120, -42, 07.4%, 
false, 535, [Boulder], State Representative - District 12, 396121, 56216, 27530, 48.97%, 06.95%, 103, 120, 17, 01.7%, 
false, 536, 06, State Representative - District 13, 60892, 58437, 5678, 09.72%, 09.32%, 77, 201, 124, 00.0%, 
false, 537, [El Paso], State Representative - District 14, 387297, 61620, 12129, 19.68%, 03.13%, 231, 128, -103, 14.3%, 
false, 538, [El Paso], State Representative - District 15, 387297, 49299, 7305, 14.82%, 01.89%, 385, 128, -257, 31.1%, 
false, 539, [El Paso], State Representative - District 16, 387297, 44231, 7, 00.02%, 00.00%, 403174, 128, -403046, 99.9%, 
false, 540, [El Paso], State Representative - District 17, 387297, 28366, 3038, 10.71%, 00.78%, 928, 128, -800, 61.6%, 
false, 541, 02, State Representative - District 18, 404409, 49693, 3269, 06.58%, 00.81%, 900, 134, -766, 59.3%, 
false, 542, 02, State Representative - District 19, 578518, 60740, 123, 00.20%, 00.02%, 34272, 175, -34097, 98.2%, 
false, 543, [Denver], State Representative - District 2, 1104271, 57563, 25328, 44.00%, 02.29%, 316, 258, -58, 05.7%, 
false, 544, [El Paso], State Representative - District 20, 387297, 59566, 24367, 40.91%, 06.29%, 114, 128, 14, 01.9%, 
false, 545, [El Paso], State Representative - District 21, 387297, 32517, 4987, 15.34%, 01.29%, 565, 128, -437, 45.1%, 
false, 546, [El Paso], State Representative - District 22, 387297, 49296, 8225, 16.68%, 02.12%, 342, 128, -214, 26.8%, 
false, 547, [Jefferson], State Representative - District 23, 367779, 54289, 13780, 25.38%, 03.75%, 193, 66, -127, 30.1%, 
false, 548, 02, State Representative - District 24, 836637, 57090, 7088, 12.42%, 00.85%, 859, 150, -709, 54.2%, 
false, 549, [Jefferson], State Representative - District 25, 367779, 63471, 2536, 04.00%, 00.69%, 1055, 66, -989, 80.3%, 
false, 550, 04, State Representative - District 26, 72676, 50442, 6382, 12.65%, 08.78%, 82, 118, 36, 00.6%, 
false, 551, [Jefferson], State Representative - District 27, 367779, 56651, 7216, 12.74%, 01.96%, 370, 66, -304, 53.5%, 
false, 552, [Jefferson], State Representative - District 28, 367779, 54668, 2892, 05.29%, 00.79%, 925, 66, -859, 77.9%, 
false, 553, 02, State Representative - District 29, 836637, 53547, 10751, 20.08%, 01.29%, 566, 150, -416, 39.4%, 
false, 554, 02, State Representative - District 3, 1455811, 44209, 11429, 25.85%, 00.79%, 927, 215, -712, 44.3%, 
false, 555, [Jefferson], State Representative - District 30, 367779, 46082, 10486, 22.76%, 02.85%, 254, 66, -188, 40.2%, 
false, 556, [Adams], State Representative - District 31, 468858, 34252, 3612, 10.55%, 00.77%, 944, 214, -730, 45.2%, 
false, 558, 03, State Representative - District 33, 698798, 58445, 9257, 15.84%, 01.32%, 549, 319, -230, 13.0%, 
false, 559, [Adams], State Representative - District 34, 468858, 45458, 2463, 05.42%, 00.53%, 1386, 214, -1172, 58.2%, 
false, 560, 02, State Representative - District 35, 836637, 33547, 8836, 26.34%, 01.06%, 689, 150, -539, 46.6%, 
false, 561, 02, State Representative - District 36, 820398, 35255, 12918, 36.64%, 01.57%, 461, 121, -340, 39.8%, 
false, 562, [Arapahoe], State Representative - District 37, 351540, 52458, 30594, 58.32%, 08.70%, 82, 52, -30, 10.8%, 
false, 563, 02, State Representative - District 38, 719319, 57881, 4953, 08.56%, 00.69%, 1057, 106, -951, 70.3%, 
false, 564, [Douglas], State Representative - District 39, 248173, 66522, 11059, 16.62%, 04.46%, 162, 62, -100, 26.1%, 
false, 565, [Denver], State Representative - District 4, 1104271, 45500, 23692, 52.07%, 02.15%, 338, 258, -80, 06.9%, 
false, 566, [Arapahoe], State Representative - District 40, 351540, 45847, 7048, 15.37%, 02.00%, 362, 52, -310, 60.4%, 
false, 567, [Arapahoe], State Representative - District 41, 351540, 39001, 9383, 24.06%, 02.67%, 272, 52, -220, 51.0%, 
false, 569, [Douglas], State Representative - District 43, 248173, 58106, 1373, 02.36%, 00.55%, 1316, 62, -1254, 84.8%, 
false, 570, [Douglas], State Representative - District 44, 248173, 57356, 9124, 15.91%, 03.68%, 197, 62, -135, 33.0%, 
false, 571, [Douglas], State Representative - District 45, 248173, 62332, 14169, 22.73%, 05.71%, 126, 62, -64, 17.7%, 
false, 572, [Pueblo], State Representative - District 46, 170790, 47649, 2077, 04.36%, 01.22%, 598, 381, -217, 10.7%, 
false, 573, 09, State Representative - District 47, 204610, 46943, 15319, 32.63%, 07.49%, 96, 457, 361, 00.0%, 
false, 575, 04, State Representative - District 49, 864708, 62160, 15851, 25.50%, 01.83%, 396, 229, -167, 13.1%, 
false, 576, [Denver], State Representative - District 5, 1104271, 44842, 23853, 53.19%, 02.16%, 336, 258, -78, 06.7%, 
false, 577, [Weld], State Representative - District 50, 182397, 27706, 563, 02.03%, 00.31%, 2359, 87, -2272, 87.9%, 
false, 578, [Larimer], State Representative - District 51, 458224, 57607, 2832, 04.92%, 00.62%, 1178, 121, -1057, 69.7%, 
false, 579, [Larimer], State Representative - District 52, 458224, 56687, 13078, 23.07%, 02.85%, 254, 121, -133, 18.7%, 
false, 580, [Larimer], State Representative - District 53, 458224, 47581, 20393, 42.86%, 04.45%, 162, 121, -41, 07.3%, 
false, 583, 07, State Representative - District 56, 1235813, 59320, 28536, 48.11%, 02.31%, 314, 182, -132, 13.1%, 
false, 584, 03, State Representative - District 57, 71086, 46928, 5108, 10.88%, 07.19%, 100, 115, 15, 01.7%, 
false, 585, 08, State Representative - District 58, 83589, 58355, 5070, 08.69%, 06.07%, 119, 103, -16, 04.7%, 
false, 586, 03, State Representative - District 59, 61075, 57000, 1149, 02.02%, 01.88%, 386, 107, -279, 37.8%, 
false, 587, [Denver], State Representative - District 6, 1104271, 49273, 31272, 63.47%, 02.83%, 256, 258, 2, 02.9%, 
false, 588, 05, State Representative - District 60, 232512, 55578, 20692, 37.23%, 08.90%, 80, 188, 108, 00.0%, 
false, 590, 08, State Representative - District 62, 207360, 41416, 2941, 07.10%, 01.42%, 512, 463, -49, 04.2%, 
false, 592, 02, State Representative - District 64, 640621, 58672, 14653, 24.97%, 02.29%, 317, 169, -148, 15.4%, 
false, 593, 02, State Representative - District 65, 640621, 66814, 15782, 23.62%, 02.46%, 294, 169, -125, 13.3%, 
false, 594, [Denver], State Representative - District 7, 1104271, 33229, 14872, 44.76%, 01.35%, 540, 258, -282, 18.7%, 
false, 595, [Denver], State Representative - District 8, 1104271, 51055, 33982, 66.56%, 03.08%, 235, 258, 23, 02.1%, 
false, 596, 02, State Representative - District 9, 1455811, 39637, 19421, 49.00%, 01.33%, 545, 215, -330, 25.0%, 
false, 597, [El Paso], State Senator - District 10, 387297, 94146, 15533, 16.50%, 04.01%, 180, 128, -52, 08.2%, 
false, 598, 02, State Senator - District 12, 404409, 80096, 1096, 01.37%, 00.27%, 2687, 134, -2553, 84.0%, 
false, 599, 02, State Senator - District 13, 651255, 64934, 7985, 12.30%, 01.23%, 593, 297, -296, 17.2%, 
false, 600, [Larimer], State Senator - District 14, 458224, 92493, 34653, 37.47%, 07.56%, 95, 121, 26, 01.1%, 
false, 601, 02, State Senator - District 16, 719319, 109589, 4433, 04.05%, 00.62%, 1181, 106, -1075, 73.0%, 
false, 602, 02, State Senator - District 17, 578518, 101924, 31765, 31.17%, 05.49%, 131, 175, 44, 00.9%, 
false, 603, [Boulder], State Senator - District 18, 396121, 94815, 65330, 68.90%, 16.49%, 43, 120, 77, 00.0%, 
false, 604, 02, State Senator - District 19, 836637, 103352, 14302, 13.84%, 01.71%, 425, 150, -275, 29.0%, 
false, 605, [Douglas], State Senator - District 2, 248173, 112175, 63181, 56.32%, 25.46%, 27, 62, 35, 00.0%, 
false, 606, 02, State Senator - District 21, 820398, 73010, 1457, 02.00%, 00.18%, 4102, 121, -3981, 90.2%, 
false, 607, 02, State Senator - District 23, 640621, 112617, 73876, 65.60%, 11.53%, 62, 169, 107, 00.0%, 
false, 608, 03, State Senator - District 26, 1823590, 84061, 20537, 24.43%, 01.13%, 646, 269, -377, 23.2%, 
false, 609, 02, State Senator - District 28, 820398, 59713, 14918, 24.98%, 01.82%, 399, 121, -278, 34.5%, 
false, 611, [Denver], State Senator - District 31, 1104271, 100551, 61254, 60.92%, 05.55%, 130, 258, 128, 00.1%, 
false, 612, [Denver], State Senator - District 33, 1104271, 74886, 43677, 58.32%, 03.96%, 183, 258, 75, 00.7%, 
false, 613, 07, State Senator - District 5, 128621, 94004, 3952, 04.20%, 03.07%, 236, 159, -77, 09.3%, 
false, 614, 13, State Senator - District 6, 129757, 98713, 11155, 11.30%, 08.60%, 83, 160, 77, 00.1%, 
false, 615, [El Paso], Stratmoor Hills Fire Protection District Ballot Issue 6B, 387297, 2599, 561, 21.59%, 00.14%, 5029, 128, -4901, 91.5%, 
false, 617, [Summit], Summit County Commissioner - District 1, 17819, 17819, 4820, 27.05%, 27.05%, 26, 59, 33, 00.0%, 
false, 618, [Summit], Summit County Commissioner - District 2, 17819, 17819, 3220, 18.07%, 18.07%, 39, 59, 20, 00.5%, 
true, 620, [Summit], Summit School District RE-1 Ballot Issue 4A, 17819, 17701, 2276, 12.86%, 12.77%, 56, 59, 3, 02.3%, 
true, 621, [Teller], Teller County Ballot Question 1A, 17112, 16583, 1721, 10.38%, 10.06%, 71, 74, 3, 02.5%, 
false, 622, [Teller], Teller County Ballot Question 1B, 17112, 16583, 2509, 15.13%, 14.66%, 48, 74, 26, 00.4%, 
false, 626, 03, Thompson School District R2-J Ballot Issue 5A, 1036742, 87866, 12328, 14.03%, 01.19%, 611, 274, -337, 20.7%, 
false, 627, 03, Thompson School District R2-J Ballot Issue 5B, 1036742, 87866, 13499, 15.36%, 01.30%, 558, 274, -284, 17.9%, 
false, 628, [Douglas], Town Councilmember District 1, 248173, 7937, 2765, 34.84%, 01.11%, 653, 62, -591, 71.7%, 
false, 629, [Douglas], Town Councilmember District 2, 248173, 8840, 2381, 26.93%, 00.96%, 758, 62, -696, 75.1%, 
false, 630, [Douglas], Town Councilmember District 4, 248173, 6797, 641, 09.43%, 00.26%, 2820, 62, -2758, 92.6%, 
false, 631, [Douglas], Town Councilmember District 6, 248173, 9792, 3363, 34.34%, 01.36%, 536, 62, -474, 66.6%, 
false, 632, [Eagle], Town of Avon - Council Member, 28988, 2380, 340, 14.29%, 01.17%, 620, 47, -573, 76.6%, 
false, 633, [Eagle], Town of Avon Ballot Issue 2C: Use Tax on New Construction to Fund Community Housing, 28988, 2380, 138, 05.80%, 00.48%, 1529, 47, -1482, 89.8%, 
false, 634, [Douglas], Town of Castle Rock Ballot Issue 2A, 248173, 49516, 5089, 10.28%, 02.05%, 354, 62, -292, 54.1%, 
false, 635, [Logan], Town of Crook Referred Ballot Issue 2V, 10274, 68, 5, 07.35%, 00.05%, 14972, 64, -14908, 98.5%, 
false, 636, [Mesa], Town of De Beque Ballot Question 2B, 92921, 226, 60, 26.55%, 00.06%, 11284, 60, -11224, 98.2%, 
false, 637, [Elbert], Town of Elizabeth Question 2B, 20652, 1590, 88, 05.53%, 00.43%, 1709, 21, -1688, 95.8%, 
false, 638, [Boulder], Town of Erie - Council Member District 1, 396121, 8504, 19, 00.22%, 00.00%, 151921, 120, -151801, 99.7%, 
false, 639, 02, Town of Erie - Council Member District 2, 578518, 8394, 209, 02.49%, 00.04%, 20169, 175, -19994, 97.0%, 
false, 640, [Weld], Town of Erie - Council Member District 3, 182397, 6146, 1014, 16.50%, 00.56%, 1309, 87, -1222, 79.2%, 
false, 641, 02, Town of Erie Ballot Issue 3C, 578518, 22978, 1552, 06.75%, 00.27%, 2715, 175, -2540, 79.8%, 
false, 642, 02, Town of Erie Mayor, 578518, 23044, 577, 02.50%, 00.10%, 7305, 175, -7130, 91.9%, 
false, 643, [Otero], Town of Fowler Ballot Issue 2A, 9039, 648, 350, 54.01%, 03.87%, 187, 36, -151, 50.8%, 
false, 644, [Grand], Town of Fraser Ballot Question 2A, 10236, 668, 198, 29.64%, 01.93%, 375, 57, -318, 58.7%, 
false, 645, [Weld], Town of Gilcrest Ballot Question 2P, 182397, 407, 182, 44.72%, 00.10%, 7301, 87, -7214, 95.9%, 
false, 648, [Grand], Town of Granby Board of Trustees, 10236, 1231, 4, 00.32%, 00.04%, 18646, 57, -18589, 98.9%, 
false, 649, [Grand], Town of Granby Mayor, 10236, 1231, 348, 28.27%, 03.40%, 213, 57, -156, 39.0%, 
false, 650, [Eagle], Town of Gypsum Ballot Issue 2A, 28988, 3782, 366, 09.68%, 01.26%, 576, 47, -529, 75.1%, 
false, 651, [Routt], Town of Hayden Councilmember, 33261, 1120, 98, 08.75%, 00.29%, 2472, 175, -2297, 78.0%, 
false, 653, [Grand], Town of Hot Sulphur Springs Ballot Issue 2B - Use Tax on Construction Materials, 10236, 422, 254, 60.19%, 02.48%, 292, 57, -235, 50.4%, 
false, 654, [Grand], Town of Hot Sulphur Springs Ballot Issue 2C - Town Lodging Tax, 10236, 422, 11, 02.61%, 00.11%, 6779, 57, -6722, 97.1%, 
false, 655, [Grand], Town of Hot Sulphur Springs Trustee, 10236, 422, 52, 12.32%, 00.51%, 1433, 57, -1376, 87.0%, 
false, 656, [Weld], Town of Hudson Ballot Issue 2F, 182397, 736, 222, 30.16%, 00.12%, 5986, 87, -5899, 95.0%, 
false, 657, [Weld], Town of Hudson Town Council, 182397, 736, 4, 00.54%, 00.00%, 332279, 87, -332192, 99.9%, 
false, 658, [Weld], Town of Keenesburg Board of Trustees, 182397, 1117, 39, 03.49%, 00.02%, 34079, 87, -33992, 99.1%, 
false, 660, [Weld], Town of Kersey Trustee, 182397, 747, 21, 02.81%, 00.01%, 63290, 87, -63203, 99.5%, 
false, 661, [Summit], Town of Keystone Ballot Issue 2A, 17819, 770, 284, 36.88%, 01.59%, 456, 59, -397, 63.5%, 
false, 662, [Summit], Town of Keystone Ballot Issue 2B, 17819, 770, 419, 54.42%, 02.35%, 309, 59, -250, 51.1%, 
false, 663, [Elbert], Town of Kiowa Issue 2A, 20652, 406, 123, 30.30%, 00.60%, 1222, 21, -1201, 94.2%, 
false, 664, [Weld], Town of LaSalle Ballot Question 2K, 182397, 1107, 579, 52.30%, 00.32%, 2294, 87, -2207, 87.5%, 
false, 665, [Weld], Town of LaSalle Mayor, 182397, 1107, 258, 23.31%, 00.14%, 5150, 87, -5063, 94.2%, 
false, 666, [Weld], Town of LaSalle Trustee, 182397, 1107, 65, 05.87%, 00.04%, 20447, 87, -20360, 98.5%, 
false, 667, [Morgan], Town of Log Lane Village Mayor, 13669, 352, 47, 13.35%, 00.34%, 2118, 38, -2080, 93.9%, 
false, 669, [Boulder], Town of Lyons Ballot Question 2B, 396121, 1564, 883, 56.46%, 00.22%, 3268, 120, -3148, 87.9%, 
false, 670, [Weld], Town of Mead Ballot Issue 2Q, 182397, 4081, 189, 04.63%, 00.10%, 7031, 87, -6944, 95.8%, 
false, 671, [Weld], Town of Mead Ballot Question 2R, 182397, 4081, 731, 17.91%, 00.40%, 1817, 87, -1730, 84.5%, 
false, 672, [Weld], Town of Mead Trustee, 182397, 4081, 41, 01.00%, 00.02%, 32416, 87, -32329, 99.1%, 
false, 673, [Logan], Town of Merino Referred Ballot Issue 2U, 10274, 165, 42, 25.45%, 00.41%, 1781, 64, -1717, 88.2%, 
false, 674, [Eagle], Town of Minturn Ballot Issue 2B: Excise Tax Increase on Short Term Rental Lodging, 28988, 608, 260, 42.76%, 00.90%, 811, 47, -764, 81.6%, 
false, 675, [El Paso], Town of Monument Ballot Issue 2A, 387297, 7803, 372, 04.77%, 00.10%, 7585, 128, -7457, 94.3%, 
false, 676, [El Paso], Town of Monument Ballot Question 2B, 387297, 7803, 3057, 39.18%, 00.79%, 922, 128, -794, 61.4%, 
false, 677, [El Paso], Town of Monument Councilmember At-Large - 4 Year Term, 387297, 7803, 302, 03.87%, 00.08%, 9344, 128, -9216, 95.3%, 
false, 680, [Jefferson], Town of Morrison Ballot Question 2F, 367779, 211, 99, 46.92%, 00.03%, 27069, 66, -27003, 99.1%, 
false, 682, [Jefferson], Town of Mountain View Ballot Question 2D, 367779, 346, 45, 13.01%, 00.01%, 59554, 66, -59488, 99.6%, 
false, 683, [Jefferson], Town of Mountain View Ballot Question 2E, 367779, 346, 109, 31.50%, 00.03%, 24586, 66, -24520, 99.1%, 
false, 684, [Gunnison], Town of Mt Crested Butte Ballot Issue 2A, 11126, 721, 259, 35.92%, 02.33%, 312, 49, -263, 57.6%, 
false, 685, [Routt], Town of Oak Creek Ballot Question 2A, 33261, 502, 221, 44.02%, 00.66%, 1095, 175, -920, 57.1%, 
false, 686, [Montrose], Town of Olathe Ballot Issue 2B: Public Safety Tax, 26005, 489, 119, 24.34%, 00.46%, 1591, 32, -1559, 93.2%, 
false, 687, [Mesa], Town of Palisade Ballot Issue 2A, 92921, 1550, 387, 24.97%, 00.42%, 1748, 60, -1688, 88.7%, 
false, 688, [El Paso], Town of Palmer Lake - Mayor, 387297, 1800, 42, 02.33%, 00.01%, 67194, 128, -67066, 99.3%, 
false, 689, [El Paso], Town of Palmer Lake - Trustee, 387297, 1800, 133, 07.39%, 00.03%, 21218, 128, -21090, 97.9%, 
false, 690, [Delta], Town of Paonia Ballot Issue 2A, 19786, 965, 181, 18.76%, 00.91%, 795, 80, -715, 70.3%, 
false, 691, [Douglas], Town of Parker Mayor, 248173, 36454, 463, 01.27%, 00.19%, 3905, 62, -3843, 94.6%, 
false, 693, [Fremont], Town of Rockvale - Mayor, 26051, 389, 142, 36.50%, 00.55%, 1335, 21, -1314, 94.6%, 
false, 694, [Weld], Town of Severance Ballot Issue 2A, 182397, 6639, 2482, 37.39%, 01.36%, 534, 87, -447, 56.5%, 
false, 695, [Pitkin], Town of Snowmass Village - Mayor, 11348, 1821, 107, 05.88%, 00.94%, 771, 41, -730, 83.0%, 
false, 696, [Pitkin], Town of Snowmass Village - Town Council, 11348, 1821, 116, 06.37%, 01.02%, 711, 41, -670, 81.7%, 
false, 697, [Pitkin], Town of Snowmass Village Ballot Question 2D: Approve Workforce Housing Project Spending Limit, 11348, 1821, 372, 20.43%, 03.28%, 221, 41, -180, 52.1%, 
true, 698, [Baca], Town of Springfield Ballot Issue 2A, 2165, 719, 175, 24.34%, 08.08%, 89, 91, 2, 02.7%, 
false, 699, [Boulder], Town of Superior - Trustee, 396121, 8227, 15, 00.18%, 00.00%, 192434, 120, -192314, 99.8%, 
false, 700, [Boulder], Town of Superior Ballot Issue 3B, 396121, 8138, 571, 07.02%, 00.14%, 5054, 120, -4934, 92.0%, 
false, 701, [Larimer], Town of Wellington Ballot Question 2K, 458224, 6695, 1162, 17.36%, 00.25%, 2872, 121, -2751, 86.3%, 
false, 703, [Morgan], Town of Wiggins Trustee, 13669, 967, 1, 00.10%, 00.01%, 99604, 38, -99566, 99.9%, 
false, 704, 03, Ute Pass Regional Health Service District Ballot Issue 7A1, 278677, 14565, 2423, 16.64%, 00.87%, 837, 69, -768, 74.9%, 
false, 705, [Baca], Walsh Hospital District Ballot Issue 6A, 2165, 823, 128, 15.55%, 05.91%, 122, 91, -31, 07.2%, 
true, 706, [Washington], Washington County Commissioner - District 2, 2838, 2838, 700, 24.67%, 24.67%, 28, 31, 3, 02.0%, 
false, 711, [Weld], Weld County Council - District 1, 182397, 60299, 9927, 16.46%, 05.44%, 132, 87, -45, 09.9%, 
false, 712, [Weld], Weld County School District No. RE-7 Ballot Issue 4A Mill Levy Override, 182397, 2729, 731, 26.79%, 00.40%, 1817, 87, -1730, 84.5%, 
false, 713, [Weld], Weld County School District No. RE-7 Ballot Issue 4B Bonds, 182397, 2729, 720, 26.38%, 00.39%, 1845, 87, -1758, 84.8%, 
false, 714, [Weld], Weld County School District No. RE-9 Ballot Issue 4C Bonds, 182397, 4939, 59, 01.19%, 00.03%, 22526, 87, -22439, 98.7%, 
false, 715, 02, Weld County School District RE-10J Ballot Issue 5D Bonds, 196066, 549, 3, 00.55%, 00.00%, 476241, 94, -476147, 99.9%, 
false, 716, 02, Weld County School District RE-3J Ballot Issue 5F Override, 651255, 8450, 748, 08.85%, 00.11%, 6343, 297, -6046, 84.9%, 
false, 717, 02, Weld County School District RE-8 Ballot Issue 5G Override, 229940, 7823, 490, 06.26%, 00.21%, 3418, 110, -3308, 89.3%, 
false, 718, 02, Weld County School District RE-8 Ballot Issue 5H Bonds, 229940, 7823, 607, 07.76%, 00.26%, 2759, 110, -2649, 87.0%, 
false, 719, [Routt], West Routt Fire District Ballot Issue 6A, 33261, 1576, 102, 06.47%, 00.31%, 2375, 175, -2200, 77.2%, 
false, 720, [Adams], Westminster Public Schools Ballot Issue 4C, 468858, 30262, 11562, 38.21%, 02.47%, 294, 214, -80, 07.8%, 
true, 723, [Yuma], Yuma County Court - Jones, 4719, 4719, 2131, 45.16%, 45.16%, 15, 18, 3, 01.2%, 
