county,imprinted_id,cvr_id,contest_name,sequence
Adams,101-2-51,81801,round 1: Regent of the University of Colorado - At Large,36
Adams,101-285-1,379206,round 1: Regent of the University of Colorado - At Large,37
Adams,101-427-16,609262,round 1: Regent of the University of Colorado - At Large,35
Adams,101-531-34,750618,round 1: Regent of the University of Colorado - At Large,33
Adams,101-588-60,769971,round 1: Regent of the University of Colorado - At Large,22
Adams,103-163-1,122056,round 1: Regent of the University of Colorado - At Large,32
Adams,103-272-16,188592,round 1: Presidential Electors,2
Adams,103-272-16,188592,round 1: Regent of the University of Colorado - At Large,2
Adams,103-322-34,260932,round 1: Regent of the University of Colorado - At Large,31
Adams,103-410-62,343460,round 1: Presidential Electors,11
Adams,103-410-62,343460,round 1: Regent of the University of Colorado - At Large,13
Adams,103-583-54,592501,round 1: Presidential Electors,10
Adams,103-583-54,592501,round 1: Regent of the University of Colorado - At Large,11
Adams,104-102-5,426142,round 1: Regent of the University of Colorado - At Large,34
Adams,104-123-73,440161,round 1: Regent of the University of Colorado - At Large,26
Adams,104-199-71,522527,round 1: Regent of the University of Colorado - At Large,29
Adams,105-137-22,370798,round 1: Regent of the University of Colorado - At Large,15
Adams,105-176-88,443474,round 1: Presidential Electors,4
Adams,105-176-88,443474,round 1: Regent of the University of Colorado - At Large,4
Adams,105-40-43,269418,round 1: Regent of the University of Colorado - At Large,23
Adams,106-288-33,247980,round 1: Regent of the University of Colorado - At Large,30
Adams,106-309-98,275052,round 1: Regent of the University of Colorado - At Large,20
Adams,106-411-74,372030,round 1: Regent of the University of Colorado - At Large,19
Adams,106-471-30,432131,round 1: Presidential Electors,5
Adams,106-471-30,432131,round 1: Regent of the University of Colorado - At Large,5
Adams,106-583-3,541822,round 1: Regent of the University of Colorado - At Large,16
Adams,106-586-12,543942,round 1: Regent of the University of Colorado - At Large,24
Adams,106-669-1,714461,round 1: Regent of the University of Colorado - At Large,18
Adams,107-27-77,45539,round 1: Regent of the University of Colorado - At Large,28
Adams,108-71-8,67860,round 1: Regent of the University of Colorado - At Large,25
Adams,109-133-21,135663,round 1: Regent of the University of Colorado - At Large,27
Adams,109-143-10,144040,round 1: Presidential Electors,7
Adams,109-143-10,144040,round 1: Regent of the University of Colorado - At Large,7
Adams,109-145-12,145688,round 1: Presidential Electors,9
Adams,109-145-12,145688,round 1: Regent of the University of Colorado - At Large,10
Adams,109-288-74,391982,round 1: Presidential Electors,3
Adams,109-288-74,391982,round 1: Regent of the University of Colorado - At Large,3
Adams,109-438-34,619811,round 1: Presidential Electors,6
Adams,109-438-34,619811,round 1: Regent of the University of Colorado - At Large,6
Adams,109-532-66,680192,round 1: Regent of the University of Colorado - At Large,17
Adams,109-587-19,743429,round 1: Presidential Electors,8
Adams,109-587-19,743429,round 1: Regent of the University of Colorado - At Large,8
Adams,110-148-96,143006,round 1: Presidential Electors,1
Adams,110-148-96,143006,round 1: Regent of the University of Colorado - At Large,1
Adams,110-245-92,376233,round 1: Regent of the University of Colorado - At Large,14
Adams,112-114-70,120193,round 1: Regent of the University of Colorado - At Large,21
Adams,112-283-59,366550,round 1: Regent of the University of Colorado - At Large,9
Adams,112-64-62,78659,round 1: Regent of the University of Colorado - At Large,12
Alamosa,102-79-7,99076,round 1: Regent of the University of Colorado - At Large,38
Arapahoe,103-29-81,235037,round 1: Regent of the University of Colorado - At Large,55
Arapahoe,103-30-22,235214,round 1: Regent of the University of Colorado - At Large,54
Arapahoe,103-355-23,982302,round 1: Regent of the University of Colorado - At Large,51
Arapahoe,103-37-50,271066,round 1: Presidential Electors,16
Arapahoe,103-37-50,271066,round 1: Regent of the University of Colorado - At Large,45
Arapahoe,103-390-78,1049636,round 1: Regent of the University of Colorado - At Large,46
Arapahoe,103-402-26,1086493,round 1: Presidential Electors,15
Arapahoe,103-402-26,1086493,round 1: Regent of the University of Colorado - At Large,42
Arapahoe,104-180-33,1115473,round 1: Regent of the University of Colorado - At Large,44
Arapahoe,104-53-40,576487,round 1: Regent of the University of Colorado - At Large,47
Arapahoe,105-289-44,1084659,round 1: Regent of the University of Colorado - At Large,53
Arapahoe,105-63-22,360905,round 1: Regent of the University of Colorado - At Large,50
Arapahoe,106-85-34,381745,round 1: Presidential Electors,13
Arapahoe,106-85-34,381745,round 1: Regent of the University of Colorado - At Large,40
Arapahoe,107-399-53,1044687,round 1: Regent of the University of Colorado - At Large,52
Arapahoe,108-207-52,535235,round 1: Regent of the University of Colorado - At Large,48
Arapahoe,108-383-67,879082,round 1: Presidential Electors,12
Arapahoe,108-383-67,879082,round 1: Regent of the University of Colorado - At Large,39
Arapahoe,108-583-86,1211745,round 1: Regent of the University of Colorado - At Large,49
Arapahoe,110-257-46,1195876,round 1: Presidential Electors,14
Arapahoe,110-257-46,1195876,round 1: Regent of the University of Colorado - At Large,41
Arapahoe,111-8-88,265435,round 1: Regent of the University of Colorado - At Large,43
Boulder,101-187-104,1083203,round 1: Regent of the University of Colorado - At Large,84
Boulder,101-311-107,1276591,round 1: Regent of the University of Colorado - At Large,83
Boulder,101-314-127,1277395,round 1: Regent of the University of Colorado - At Large,81
Boulder,101-362-181,1307728,round 1: Regent of the University of Colorado - At Large,77
Boulder,101-58-157,828508,round 1: Presidential Electors,29
Boulder,101-58-157,828508,round 1: Regent of the University of Colorado - At Large,72
Boulder,102-122-200,917399,round 1: Regent of the University of Colorado - At Large,82
Boulder,102-131-133,930846,round 1: Regent of the University of Colorado - At Large,75
Boulder,102-224-85,1096086,round 1: Presidential Electors,17
Boulder,102-224-85,1096086,round 1: Regent of the University of Colorado - At Large,56
Boulder,102-290-19,1239073,round 1: Presidential Electors,25
Boulder,102-290-19,1239073,round 1: Regent of the University of Colorado - At Large,64
Boulder,102-322-346,1283263,round 1: Regent of the University of Colorado - At Large,80
Boulder,102-91-25,872368,round 1: Presidential Electors,27
Boulder,102-91-25,872368,round 1: Regent of the University of Colorado - At Large,66
Boulder,103-147-152,1135227,round 1: Regent of the University of Colorado - At Large,78
Boulder,103-91-140,963979,round 1: Regent of the University of Colorado - At Large,76
Boulder,104-110-128,1153463,round 1: Presidential Electors,28
Boulder,104-110-128,1153463,round 1: Regent of the University of Colorado - At Large,68
Boulder,104-124-181,1221544,round 1: Regent of the University of Colorado - At Large,79
Boulder,105-146-148,1167732,round 1: Presidential Electors,21
Boulder,105-146-148,1167732,round 1: Regent of the University of Colorado - At Large,60
Boulder,105-40-169,713520,round 1: Regent of the University of Colorado - At Large,74
Boulder,106-157-9,1202347,round 1: Regent of the University of Colorado - At Large,71
Boulder,106-63-127,895825,round 1: Regent of the University of Colorado - At Large,73
Boulder,106-91-200,973807,round 1: Presidential Electors,26
Boulder,106-91-200,973807,round 1: Regent of the University of Colorado - At Large,65
Boulder,107-118-102,1105828,round 1: Regent of the University of Colorado - At Large,69
Boulder,107-71-174,975763,round 1: Presidential Electors,19
Boulder,107-71-174,975763,round 1: Regent of the University of Colorado - At Large,58
Boulder,108-88-116,1298803,round 1: Regent of the University of Colorado - At Large,67
Boulder,108-97-194,1307354,round 1: Presidential Electors,18
Boulder,108-97-194,1307354,round 1: Regent of the University of Colorado - At Large,57
Boulder,109-109-15,1315208,round 1: Presidential Electors,22
Boulder,109-109-15,1315208,round 1: Regent of the University of Colorado - At Large,61
Boulder,109-31-52,960507,round 1: Presidential Electors,23
Boulder,109-31-52,960507,round 1: Regent of the University of Colorado - At Large,62
Boulder,110-167-109,1287734,round 1: Presidential Electors,24
Boulder,110-167-109,1287734,round 1: Regent of the University of Colorado - At Large,63
Boulder,110-167-190,1287687,round 1: Regent of the University of Colorado - At Large,70
Boulder,110-97-57,1048360,round 1: Presidential Electors,20
Boulder,110-97-57,1048360,round 1: Regent of the University of Colorado - At Large,59
Broomfield,105-182-36,728896,round 1: Regent of the University of Colorado - At Large,302
Broomfield,105-547-31,805106,round 1: Presidential Electors,100
Broomfield,105-547-31,805106,round 1: Regent of the University of Colorado - At Large,300
Broomfield,105-555-34,807465,round 1: Regent of the University of Colorado - At Large,301
Clear Creek,102-33-42,1101492,round 1: Regent of the University of Colorado - At Large,85
Delta,102-104-10,1329491,round 1: Regent of the University of Colorado - At Large,88
Delta,102-389-20,1344064,round 1: Presidential Electors,31
Delta,102-389-20,1344064,round 1: Regent of the University of Colorado - At Large,87
Delta,102-391-34,1344200,round 1: Presidential Electors,30
Delta,102-391-34,1344200,round 1: Regent of the University of Colorado - At Large,86
Denver,101-737-21,2990693,round 1: Presidential Electors,40
Denver,101-737-21,2990693,round 1: Regent of the University of Colorado - At Large,97
Denver,101-902-43,3551242,round 1: Presidential Electors,53
Denver,101-902-43,3551242,round 1: Regent of the University of Colorado - At Large,115
Denver,102-195-71,1529204,round 1: Regent of the University of Colorado - At Large,156
Denver,102-216-33,1600214,round 1: Regent of the University of Colorado - At Large,138
Denver,102-269-65,1726049,round 1: Regent of the University of Colorado - At Large,155
Denver,102-654-75,2826631,round 1: Regent of the University of Colorado - At Large,157
Denver,102-784-73,3198857,round 1: Presidential Electors,46
Denver,102-784-73,3198857,round 1: Regent of the University of Colorado - At Large,103
Denver,102-813-6,3329882,round 1: Regent of the University of Colorado - At Large,152
Denver,102-83-10,1419757,round 1: Regent of the University of Colorado - At Large,150
Denver,103-1058-22,3537387,round 1: Regent of the University of Colorado - At Large,146
Denver,103-218-93,1537736,round 1: Regent of the University of Colorado - At Large,151
Denver,103-290-35,1630209,round 1: Presidential Electors,34
Denver,103-290-35,1630209,round 1: Regent of the University of Colorado - At Large,91
Denver,103-315-48,1660595,round 1: Presidential Electors,36
Denver,103-315-48,1660595,round 1: Regent of the University of Colorado - At Large,93
Denver,103-317-66,1664281,round 1: Presidential Electors,39
Denver,103-317-66,1664281,round 1: Regent of the University of Colorado - At Large,96
Denver,103-661-32,2504100,round 1: Regent of the University of Colorado - At Large,144
Denver,103-68-23,1408685,round 1: Presidential Electors,41
Denver,103-68-23,1408685,round 1: Regent of the University of Colorado - At Large,98
Denver,103-704-63,2541052,round 1: Presidential Electors,51
Denver,103-704-63,2541052,round 1: Regent of the University of Colorado - At Large,112
Denver,103-872-35,2939735,round 1: Regent of the University of Colorado - At Large,153
Denver,103-997-15,3365969,round 1: Regent of the University of Colorado - At Large,148
Denver,104-239-38,1669722,round 1: Regent of the University of Colorado - At Large,154
Denver,104-464-74,2421650,round 1: Regent of the University of Colorado - At Large,149
Denver,104-475-95,2429887,round 1: Regent of the University of Colorado - At Large,119
Denver,104-577-87,2625854,round 1: Presidential Electors,43
Denver,104-577-87,2625854,round 1: Regent of the University of Colorado - At Large,100
Denver,104-598-100,2694998,round 1: Presidential Electors,52
Denver,104-598-100,2694998,round 1: Regent of the University of Colorado - At Large,114
Denver,104-609-100,2724129,round 1: Regent of the University of Colorado - At Large,133
Denver,105-186-7,2265473,round 1: Presidential Electors,47
Denver,105-186-7,2265473,round 1: Regent of the University of Colorado - At Large,104
Denver,105-204-35,2364480,round 1: Regent of the University of Colorado - At Large,145
Denver,105-64-3,1476446,round 1: Regent of the University of Colorado - At Large,134
Denver,106-366-27,2592244,round 1: Presidential Electors,49
Denver,106-366-27,2592244,round 1: Regent of the University of Colorado - At Large,107
Denver,106-741-32,3823678,round 1: Presidential Electors,33
Denver,106-741-32,3823678,round 1: Regent of the University of Colorado - At Large,90
Denver,107-181-45,1522610,round 1: Regent of the University of Colorado - At Large,124
Denver,107-21-25,1375137,round 1: Regent of the University of Colorado - At Large,120
Denver,107-292-17,1630716,round 1: Regent of the University of Colorado - At Large,147
Denver,107-336-38,1785492,round 1: Regent of the University of Colorado - At Large,140
Denver,107-716-91,2997671,round 1: Presidential Electors,32
Denver,107-716-91,2997671,round 1: Regent of the University of Colorado - At Large,89
Denver,108-280-40,1769787,round 1: Regent of the University of Colorado - At Large,130
Denver,108-342-12,2117174,round 1: Regent of the University of Colorado - At Large,122
Denver,108-82-64,1408880,round 1: Presidential Electors,48
Denver,108-82-64,1408880,round 1: Regent of the University of Colorado - At Large,106
Denver,109-158-46,1547250,round 1: Regent of the University of Colorado - At Large,121
Denver,109-216-42,1700597,round 1: Presidential Electors,50
Denver,109-216-42,1700597,round 1: Regent of the University of Colorado - At Large,111
Denver,109-333-18,2233107,round 1: Regent of the University of Colorado - At Large,123
Denver,109-450-99,2556346,round 1: Regent of the University of Colorado - At Large,142
Denver,109-539-7,2843649,round 1: Regent of the University of Colorado - At Large,118
Denver,109-554-69,2933073,round 1: Regent of the University of Colorado - At Large,126
Denver,110-115-32,1876136,round 1: Regent of the University of Colorado - At Large,139
Denver,110-283-50,2557857,round 1: Regent of the University of Colorado - At Large,125
Denver,110-293-51,2559421,round 1: Regent of the University of Colorado - At Large,113
Denver,110-382-82,2694743,round 1: Regent of the University of Colorado - At Large,129
Denver,110-538-18,3331133,round 1: Presidential Electors,42
Denver,110-538-18,3331133,round 1: Regent of the University of Colorado - At Large,99
Denver,110-615-53,3511522,round 1: Presidential Electors,35
Denver,110-615-53,3511522,round 1: Regent of the University of Colorado - At Large,92
Denver,110-631-100,3549959,round 1: Regent of the University of Colorado - At Large,116
Denver,111-199-83,2583483,round 1: Presidential Electors,37
Denver,111-199-83,2583483,round 1: Regent of the University of Colorado - At Large,94
Denver,111-249-59,2679629,round 1: Presidential Electors,44
Denver,111-249-59,2679629,round 1: Regent of the University of Colorado - At Large,101
Denver,112-173-22,2114467,round 1: Regent of the University of Colorado - At Large,132
Denver,112-200-62,2289855,round 1: Regent of the University of Colorado - At Large,143
Denver,112-205-3,2305164,round 1: Regent of the University of Colorado - At Large,141
Denver,112-365-39,2744501,round 1: Regent of the University of Colorado - At Large,135
Denver,112-59-7,1815113,round 1: Regent of the University of Colorado - At Large,105
Denver,112-78-30,1898171,round 1: Regent of the University of Colorado - At Large,136
Denver,112-79-76,1900223,round 1: Regent of the University of Colorado - At Large,108
Denver,113-161-63,2146607,round 1: Presidential Electors,38
Denver,113-161-63,2146607,round 1: Regent of the University of Colorado - At Large,95
Denver,113-182-48,2188375,round 1: Regent of the University of Colorado - At Large,110
Denver,113-335-5,2520288,round 1: Regent of the University of Colorado - At Large,137
Denver,114-199-97,3000129,round 1: Regent of the University of Colorado - At Large,109
Denver,114-9-93,1738953,round 1: Regent of the University of Colorado - At Large,117
Denver,121-388-1,3241410,round 1: Regent of the University of Colorado - At Large,127
Denver,121-451-88,3341931,round 1: Presidential Electors,45
Denver,121-451-88,3341931,round 1: Regent of the University of Colorado - At Large,102
Denver,121-80-32,2438049,round 1: Regent of the University of Colorado - At Large,131
Denver,121-898-73,3721134,round 1: Regent of the University of Colorado - At Large,128
Douglas,1-GEN-0372-52,1606923,round 1: Regent of the University of Colorado - At Large,168
Douglas,1-GEN-0798-96,1748684,round 1: Regent of the University of Colorado - At Large,163
Douglas,1-GEN-0959-38,1801655,round 1: Regent of the University of Colorado - At Large,164
Douglas,1-GEN-1211-83,1912330,round 1: Regent of the University of Colorado - At Large,165
Douglas,1-GEN-1628-61,2043120,round 1: Presidential Electors,55
Douglas,1-GEN-1628-61,2043120,round 1: Regent of the University of Colorado - At Large,159
Douglas,1-GEN-1636-14,2045539,round 1: Regent of the University of Colorado - At Large,166
Douglas,1-GEN-1853-51,2141719,round 1: Regent of the University of Colorado - At Large,167
Douglas,1-GEN-2152-42,2247083,round 1: Regent of the University of Colorado - At Large,161
Douglas,1-GEN-2389-56,2333995,round 1: Presidential Electors,56
Douglas,1-GEN-2389-56,2333995,round 1: Regent of the University of Colorado - At Large,160
Douglas,1-GEN-2680-145,2390036,round 1: Regent of the University of Colorado - At Large,162
Douglas,1-GEN-2687-74,2392878,round 1: Presidential Electors,54
Douglas,1-GEN-2687-74,2392878,round 1: Regent of the University of Colorado - At Large,158
Eagle,101-1140-22,1631570,round 1: Regent of the University of Colorado - At Large,169
Eagle,101-687-11,1599698,round 1: Regent of the University of Colorado - At Large,170
ElPaso,201-154-9,2097076,round 1: Regent of the University of Colorado - At Large,204
ElPaso,201-238-61,2269092,round 1: Regent of the University of Colorado - At Large,198
ElPaso,201-258-44,2285539,round 1: City of Colorado Springs Ballot Question 300,97
ElPaso,201-265-96,2312917,round 1: City of Colorado Springs Ballot Question 300,39
ElPaso,201-285-37,2345641,round 1: Presidential Electors,67
ElPaso,201-285-37,2345641,round 1: Regent of the University of Colorado - At Large,186
ElPaso,201-305-74,2378437,round 1: City of Colorado Springs Ballot Question 300,112
ElPaso,201-315-88,2395877,round 1: Regent of the University of Colorado - At Large,203
ElPaso,201-32-7,1818157,round 1: City of Colorado Springs Ballot Question 300,110
ElPaso,201-321-52,2406219,round 1: City of Colorado Springs Ballot Question 300,1
ElPaso,201-375-48,2507120,round 1: City of Colorado Springs Ballot Question 300,29
ElPaso,201-406-45,2554203,round 1: Presidential Electors,69
ElPaso,201-406-45,2554203,round 1: Regent of the University of Colorado - At Large,190
ElPaso,201-406-5,2554185,round 1: Presidential Electors,65
ElPaso,201-406-5,2554185,round 1: Regent of the University of Colorado - At Large,180
ElPaso,201-423-2,2581873,round 1: City of Colorado Springs Ballot Question 300,128
ElPaso,201-46-61,1854081,round 1: City of Colorado Springs Ballot Question 300,73
ElPaso,201-460-92,2636654,round 1: City of Colorado Springs Ballot Question 300,14
ElPaso,201-461-23,2641386,round 1: Regent of the University of Colorado - At Large,191
ElPaso,201-469-48,2651059,round 1: City of Colorado Springs Ballot Question 300,61
ElPaso,201-532-88,2742146,round 1: Regent of the University of Colorado - At Large,199
ElPaso,201-578-80,2827661,round 1: City of Colorado Springs Ballot Question 300,127
ElPaso,201-595-8,2861113,round 1: City of Colorado Springs Ballot Question 300,126
ElPaso,201-620-89,2911507,round 1: City of Colorado Springs Ballot Question 300,79
ElPaso,201-696-46,3072721,round 1: City of Colorado Springs Ballot Question 300,5
ElPaso,201-707-94,3087205,round 1: City of Colorado Springs Ballot Question 300,124
ElPaso,201-723-86,3104879,round 1: City of Colorado Springs Ballot Question 300,103
ElPaso,201-746-3,3130435,round 1: City of Colorado Springs Ballot Question 300,56
ElPaso,201-763-1,3150543,round 1: Regent of the University of Colorado - At Large,201
ElPaso,201-763-37,3150469,round 1: City of Colorado Springs Ballot Question 300,24
ElPaso,301-129-70,2188524,round 1: City of Colorado Springs Ballot Question 300,33
ElPaso,301-141-50,2209447,round 1: City of Colorado Springs Ballot Question 300,2
ElPaso,301-2-94,1769076,round 1: City of Colorado Springs Ballot Question 300,46
ElPaso,301-207-65,2409172,round 1: Regent of the University of Colorado - At Large,200
ElPaso,301-209-31,2412173,round 1: City of Colorado Springs Ballot Question 300,116
ElPaso,301-210-65,2414026,round 1: Regent of the University of Colorado - At Large,202
ElPaso,301-280-41,2628617,round 1: Regent of the University of Colorado - At Large,194
ElPaso,301-347-6,2759990,round 1: Presidential Electors,66
ElPaso,301-347-6,2759990,round 1: Regent of the University of Colorado - At Large,182
ElPaso,301-393-34,2849408,round 1: City of Colorado Springs Ballot Question 300,119
ElPaso,301-418-52,2899248,round 1: City of Colorado Springs Ballot Question 300,92
ElPaso,301-436-71,2943716,round 1: Presidential Electors,68
ElPaso,301-436-71,2943716,round 1: Regent of the University of Colorado - At Large,189
ElPaso,301-44-30,1891707,round 1: City of Colorado Springs Ballot Question 300,117
ElPaso,301-457-70,2998229,round 1: City of Colorado Springs Ballot Question 300,93
ElPaso,301-468-14,3019522,round 1: City of Colorado Springs Ballot Question 300,9
ElPaso,301-468-85,3019690,round 1: City of Colorado Springs Ballot Question 300,113
ElPaso,301-495-43,3073267,round 1: Regent of the University of Colorado - At Large,193
ElPaso,301-534-31,3122832,round 1: City of Colorado Springs Ballot Question 300,3
ElPaso,301-540-9,3128045,round 1: City of Colorado Springs Ballot Question 300,114
ElPaso,301-559-15,3200124,round 1: City of Colorado Springs Ballot Question 300,122
ElPaso,301-578-18,3226406,round 1: City of Colorado Springs Ballot Question 300,83
ElPaso,301-595-30,3257167,round 1: Presidential Electors,62
ElPaso,301-595-30,3257167,round 1: Regent of the University of Colorado - At Large,177
ElPaso,301-83-44,2045796,round 1: City of Colorado Springs Ballot Question 300,125
ElPaso,301-90-81,2068145,round 1: City of Colorado Springs Ballot Question 300,102
ElPaso,301-95-49,2087601,round 1: Regent of the University of Colorado - At Large,196
ElPaso,401-104-59,2026641,round 1: City of Colorado Springs Ballot Question 300,42
ElPaso,401-115-18,2054726,round 1: City of Colorado Springs Ballot Question 300,63
ElPaso,401-138-100,2130473,round 1: City of Colorado Springs Ballot Question 300,51
ElPaso,401-155-80,2139286,round 1: City of Colorado Springs Ballot Question 300,37
ElPaso,401-164-30,2193134,round 1: City of Colorado Springs Ballot Question 300,65
ElPaso,401-189-91,2245670,round 1: City of Colorado Springs Ballot Question 300,52
ElPaso,401-210-66,2287263,round 1: City of Colorado Springs Ballot Question 300,66
ElPaso,401-225-71,2317938,round 1: City of Colorado Springs Ballot Question 300,76
ElPaso,401-258-37,2385373,round 1: Presidential Electors,58
ElPaso,401-258-37,2385373,round 1: Regent of the University of Colorado - At Large,173
ElPaso,401-263-1,2394762,round 1: City of Colorado Springs Ballot Question 300,123
ElPaso,401-313-42,2493163,round 1: Presidential Electors,59
ElPaso,401-313-42,2493163,round 1: Regent of the University of Colorado - At Large,174
ElPaso,401-332-47,2513603,round 1: City of Colorado Springs Ballot Question 300,100
ElPaso,401-379-14,2594032,round 1: City of Colorado Springs Ballot Question 300,121
ElPaso,401-453-37,2700217,round 1: City of Colorado Springs Ballot Question 300,54
ElPaso,401-459-95,2707801,round 1: City of Colorado Springs Ballot Question 300,109
ElPaso,401-460-57,2709854,round 1: City of Colorado Springs Ballot Question 300,67
ElPaso,401-487-84,2753919,round 1: City of Colorado Springs Ballot Question 300,120
ElPaso,401-499-95,2770606,round 1: Presidential Electors,63
ElPaso,401-499-95,2770606,round 1: Regent of the University of Colorado - At Large,178
ElPaso,401-532-79,2842209,round 1: City of Colorado Springs Ballot Question 300,80
ElPaso,401-537-68,2849863,round 1: Presidential Electors,60
ElPaso,401-537-68,2849863,round 1: Regent of the University of Colorado - At Large,175
ElPaso,401-56-25,1923074,round 1: City of Colorado Springs Ballot Question 300,115
ElPaso,401-567-24,2917954,round 1: City of Colorado Springs Ballot Question 300,59
ElPaso,401-578-77,2947053,round 1: Regent of the University of Colorado - At Large,185
ElPaso,401-596-38,2987808,round 1: City of Colorado Springs Ballot Question 300,105
ElPaso,401-606-50,3009936,round 1: City of Colorado Springs Ballot Question 300,25
ElPaso,401-610-28,3017981,round 1: City of Colorado Springs Ballot Question 300,108
ElPaso,401-619-62,3037407,round 1: City of Colorado Springs Ballot Question 300,18
ElPaso,401-90-76,1985198,round 1: City of Colorado Springs Ballot Question 300,101
ElPaso,401-98-70,2005307,round 1: City of Colorado Springs Ballot Question 300,32
ElPaso,501-131-84,2077653,round 1: City of Colorado Springs Ballot Question 300,12
ElPaso,501-149-6,2148680,round 1: Presidential Electors,61
ElPaso,501-149-6,2148680,round 1: Regent of the University of Colorado - At Large,176
ElPaso,501-183-6,2500411,round 1: Regent of the University of Colorado - At Large,197
ElPaso,501-198-66,2529299,round 1: City of Colorado Springs Ballot Question 300,72
ElPaso,501-38-79,1852755,round 1: City of Colorado Springs Ballot Question 300,84
ElPaso,501-63-55,1930519,round 1: City of Colorado Springs Ballot Question 300,118
ElPaso,501-75-25,1951002,round 1: City of Colorado Springs Ballot Question 300,87
ElPaso,601-154-65,2048750,round 1: City of Colorado Springs Ballot Question 300,81
ElPaso,601-155-17,2049669,round 1: City of Colorado Springs Ballot Question 300,90
ElPaso,601-200-76,2165721,round 1: City of Colorado Springs Ballot Question 300,19
ElPaso,601-232-63,2253717,round 1: City of Colorado Springs Ballot Question 300,48
ElPaso,601-255-87,2289775,round 1: City of Colorado Springs Ballot Question 300,49
ElPaso,601-263-31,2292076,round 1: City of Colorado Springs Ballot Question 300,70
ElPaso,601-265-35,2293322,round 1: City of Colorado Springs Ballot Question 300,98
ElPaso,601-295-56,2339516,round 1: City of Colorado Springs Ballot Question 300,71
ElPaso,601-319-47,2373999,round 1: City of Colorado Springs Ballot Question 300,26
ElPaso,601-322-93,2378617,round 1: City of Colorado Springs Ballot Question 300,58
ElPaso,601-331-19,2389422,round 1: City of Colorado Springs Ballot Question 300,107
ElPaso,601-382-52,2454039,round 1: City of Colorado Springs Ballot Question 300,106
ElPaso,601-390-80,2457023,round 1: Regent of the University of Colorado - At Large,183
ElPaso,601-391-20,2457420,round 1: City of Colorado Springs Ballot Question 300,41
ElPaso,601-432-43,2478085,round 1: Regent of the University of Colorado - At Large,181
ElPaso,601-438-65,2485470,round 1: Regent of the University of Colorado - At Large,195
ElPaso,601-455-61,2526171,round 1: City of Colorado Springs Ballot Question 300,13
ElPaso,601-489-70,2574210,round 1: City of Colorado Springs Ballot Question 300,111
ElPaso,601-499-85,2592312,round 1: City of Colorado Springs Ballot Question 300,45
ElPaso,601-518-65,2617763,round 1: City of Colorado Springs Ballot Question 300,6
ElPaso,601-522-6,2623494,round 1: City of Colorado Springs Ballot Question 300,35
ElPaso,601-572-63,2680907,round 1: City of Colorado Springs Ballot Question 300,95
ElPaso,601-644-76,2850081,round 1: City of Colorado Springs Ballot Question 300,78
ElPaso,601-654-24,2863908,round 1: City of Colorado Springs Ballot Question 300,94
ElPaso,601-683-99,2909085,round 1: City of Colorado Springs Ballot Question 300,7
ElPaso,601-759-76,3069691,round 1: City of Colorado Springs Ballot Question 300,89
ElPaso,601-789-73,3189713,round 1: City of Colorado Springs Ballot Question 300,31
ElPaso,601-809-17,3288821,round 1: Presidential Electors,64
ElPaso,601-809-17,3288821,round 1: Regent of the University of Colorado - At Large,179
ElPaso,601-826-18,3290795,round 1: City of Colorado Springs Ballot Question 300,104
ElPaso,602-128-35,3138969,round 1: City of Colorado Springs Ballot Question 300,11
ElPaso,602-141-84,3153547,round 1: City of Colorado Springs Ballot Question 300,91
ElPaso,602-171-61,3241651,round 1: Regent of the University of Colorado - At Large,188
ElPaso,602-198-105,3286093,round 1: City of Colorado Springs Ballot Question 300,75
ElPaso,602-29-31,2225654,round 1: City of Colorado Springs Ballot Question 300,40
ElPaso,602-75-22,2714455,round 1: City of Colorado Springs Ballot Question 300,99
ElPaso,602-76-36,2716434,round 1: City of Colorado Springs Ballot Question 300,17
ElPaso,602-77-130,2729879,round 1: City of Colorado Springs Ballot Question 300,96
ElPaso,602-84-34,2740690,round 1: City of Colorado Springs Ballot Question 300,60
ElPaso,701-106-85,2056323,round 1: City of Colorado Springs Ballot Question 300,85
ElPaso,701-113-81,2075630,round 1: City of Colorado Springs Ballot Question 300,4
ElPaso,701-115-97,2082298,round 1: City of Colorado Springs Ballot Question 300,69
ElPaso,701-14-54,1803532,round 1: City of Colorado Springs Ballot Question 300,22
ElPaso,701-190-2,2243460,round 1: City of Colorado Springs Ballot Question 300,62
ElPaso,701-203-2,2269487,round 1: City of Colorado Springs Ballot Question 300,28
ElPaso,701-26-76,1840462,round 1: City of Colorado Springs Ballot Question 300,10
ElPaso,701-28-63,1845133,round 1: City of Colorado Springs Ballot Question 300,20
ElPaso,701-333-27,2564348,round 1: City of Colorado Springs Ballot Question 300,30
ElPaso,701-359-100,2611783,round 1: City of Colorado Springs Ballot Question 300,23
ElPaso,701-388-75,2661316,round 1: City of Colorado Springs Ballot Question 300,15
ElPaso,701-394-51,2670975,round 1: City of Colorado Springs Ballot Question 300,74
ElPaso,701-396-40,2673922,round 1: City of Colorado Springs Ballot Question 300,16
ElPaso,701-401-11,2681848,round 1: City of Colorado Springs Ballot Question 300,47
ElPaso,701-435-35,2790139,round 1: City of Colorado Springs Ballot Question 300,55
ElPaso,701-448-8,2822634,round 1: Regent of the University of Colorado - At Large,184
ElPaso,701-457-42,2836985,round 1: City of Colorado Springs Ballot Question 300,88
ElPaso,701-478-71,2882370,round 1: City of Colorado Springs Ballot Question 300,86
ElPaso,701-492-78,2912934,round 1: City of Colorado Springs Ballot Question 300,82
ElPaso,701-584-26,3188432,round 1: Regent of the University of Colorado - At Large,192
ElPaso,701-588-64,3195765,round 1: City of Colorado Springs Ballot Question 300,27
ElPaso,701-596-57,3207729,round 1: City of Colorado Springs Ballot Question 300,44
ElPaso,701-60-37,1954203,round 1: City of Colorado Springs Ballot Question 300,8
ElPaso,701-7-16,1789845,round 1: City of Colorado Springs Ballot Question 300,36
ElPaso,701-78-89,1990270,round 1: City of Colorado Springs Ballot Question 300,77
ElPaso,701-84-27,2007116,round 1: City of Colorado Springs Ballot Question 300,38
ElPaso,701-95-35,2026129,round 1: City of Colorado Springs Ballot Question 300,53
ElPaso,702-26-69,2300901,round 1: City of Colorado Springs Ballot Question 300,43
ElPaso,702-40-42,2494776,round 1: Regent of the University of Colorado - At Large,187
ElPaso,702-56-61,2733549,round 1: City of Colorado Springs Ballot Question 300,64
ElPaso,702-66-48,2741635,round 1: City of Colorado Springs Ballot Question 300,34
ElPaso,702-74-49,2755156,round 1: City of Colorado Springs Ballot Question 300,50
ElPaso,702-77-3,2761016,round 1: City of Colorado Springs Ballot Question 300,57
ElPaso,702-80-87,2768682,round 1: City of Colorado Springs Ballot Question 300,68
ElPaso,702-98-101,3109451,round 1: City of Colorado Springs Ballot Question 300,21
Elbert,101-193-16,1667779,round 1: Regent of the University of Colorado - At Large,172
Elbert,101-322-35,1691599,round 1: Presidential Electors,57
Elbert,101-322-35,1691599,round 1: Regent of the University of Colorado - At Large,171
Fremont,102-56-14,1805939,round 1: Regent of the University of Colorado - At Large,205
Gilpin,104-95-1,2225407,round 1: Regent of the University of Colorado - At Large,206
Huerfano,102-40-23,2568598,round 1: Regent of the University of Colorado - At Large,207
Jefferson,101-152-113,4167685,round 1: Regent of the University of Colorado - At Large,230
Jefferson,101-99-121,3712233,round 1: Presidential Electors,75
Jefferson,101-99-121,3712233,round 1: Regent of the University of Colorado - At Large,218
Jefferson,102-46-122,3063312,round 1: Presidential Electors,73
Jefferson,102-46-122,3063312,round 1: Regent of the University of Colorado - At Large,211
Jefferson,103-127-66,3585248,round 1: Regent of the University of Colorado - At Large,228
Jefferson,103-19-192,2840735,round 1: Regent of the University of Colorado - At Large,231
Jefferson,103-23-19,2867935,round 1: Presidential Electors,74
Jefferson,103-23-19,2867935,round 1: Regent of the University of Colorado - At Large,217
Jefferson,103-6-198,2746560,round 1: Regent of the University of Colorado - At Large,220
Jefferson,103-83-11,3216556,round 1: Regent of the University of Colorado - At Large,227
Jefferson,104-36-117,2944163,round 1: Presidential Electors,72
Jefferson,104-36-117,2944163,round 1: Regent of the University of Colorado - At Large,210
Jefferson,104-50-77,3068847,round 1: Regent of the University of Colorado - At Large,229
Jefferson,104-9-171,2781237,round 1: Regent of the University of Colorado - At Large,221
Jefferson,105-178-21,3833073,round 1: Regent of the University of Colorado - At Large,214
Jefferson,105-24-104,2832364,round 1: Presidential Electors,70
Jefferson,105-24-104,2832364,round 1: Regent of the University of Colorado - At Large,208
Jefferson,106-96-115,3561554,round 1: Regent of the University of Colorado - At Large,224
Jefferson,107-34-34,2884490,round 1: Regent of the University of Colorado - At Large,225
Jefferson,107-70-131,3150315,round 1: Regent of the University of Colorado - At Large,212
Jefferson,107-82-182,3259099,round 1: Regent of the University of Colorado - At Large,222
Jefferson,108-17-152,2824273,round 1: Regent of the University of Colorado - At Large,226
Jefferson,108-41-36,3021273,round 1: Presidential Electors,71
Jefferson,108-41-36,3021273,round 1: Regent of the University of Colorado - At Large,209
Jefferson,109-20-152,2768288,round 1: Regent of the University of Colorado - At Large,216
Jefferson,109-254-57,3985740,round 1: Regent of the University of Colorado - At Large,213
Jefferson,109-256-166,3991133,round 1: Regent of the University of Colorado - At Large,219
Jefferson,110-118-123,4121739,round 1: Regent of the University of Colorado - At Large,223
Jefferson,110-30-58,3601012,round 1: Regent of the University of Colorado - At Large,215
KitCarson,101-1-14,2809018,round 1: Proposition 130 (STATUTORY) - Kit Carson,107
KitCarson,101-102-16,2816792,round 1: Proposition 130 (STATUTORY) - Kit Carson,110
KitCarson,101-102-5,2816799,round 1: Proposition 130 (STATUTORY) - Kit Carson,109
KitCarson,101-103-4,2816904,round 1: Proposition 130 (STATUTORY) - Kit Carson,97
KitCarson,101-105-25,2817098,round 1: Proposition 130 (STATUTORY) - Kit Carson,105
KitCarson,101-105-9,2817096,round 1: Proposition 130 (STATUTORY) - Kit Carson,99
KitCarson,101-108-15,2817416,round 1: Proposition 130 (STATUTORY) - Kit Carson,26
KitCarson,101-109-23,2817456,round 1: Proposition 130 (STATUTORY) - Kit Carson,9
KitCarson,101-109-7,2817486,round 1: Proposition 130 (STATUTORY) - Kit Carson,85
KitCarson,101-110-16,2817610,round 1: Proposition 130 (STATUTORY) - Kit Carson,37
KitCarson,101-110-22,2817625,round 1: Proposition 130 (STATUTORY) - Kit Carson,93
KitCarson,101-114-11,2817853,round 1: Proposition 130 (STATUTORY) - Kit Carson,55
KitCarson,101-116-17,2818050,round 1: Proposition 130 (STATUTORY) - Kit Carson,2
KitCarson,101-117-22,2818087,round 1: Proposition 130 (STATUTORY) - Kit Carson,106
KitCarson,101-117-9,2818075,round 1: Proposition 130 (STATUTORY) - Kit Carson,58
KitCarson,101-118-1,2818160,round 1: Proposition 130 (STATUTORY) - Kit Carson,67
KitCarson,101-118-6,2818173,round 1: Proposition 130 (STATUTORY) - Kit Carson,63
KitCarson,101-12-14,2809742,round 1: Proposition 130 (STATUTORY) - Kit Carson,108
KitCarson,101-121-24,2818321,round 1: Proposition 130 (STATUTORY) - Kit Carson,3
KitCarson,101-122-2,2818347,round 1: Proposition 130 (STATUTORY) - Kit Carson,66
KitCarson,101-123-20,2818383,round 1: Proposition 130 (STATUTORY) - Kit Carson,75
KitCarson,101-126-22,2818598,round 1: Proposition 130 (STATUTORY) - Kit Carson,30
KitCarson,101-128-25,2818701,round 1: Proposition 130 (STATUTORY) - Kit Carson,51
KitCarson,101-130-18,2819030,round 1: Proposition 130 (STATUTORY) - Kit Carson,81
KitCarson,101-135-7,2819360,round 1: Proposition 130 (STATUTORY) - Kit Carson,72
KitCarson,101-139-22,2819512,round 1: Proposition 130 (STATUTORY) - Kit Carson,62
KitCarson,101-14-14,2809935,round 1: Proposition 130 (STATUTORY) - Kit Carson,103
KitCarson,101-14-19,2809805,round 1: Proposition 130 (STATUTORY) - Kit Carson,47
KitCarson,101-14-24,2809813,round 1: Proposition 130 (STATUTORY) - Kit Carson,104
KitCarson,101-14-8,2809942,round 1: Proposition 130 (STATUTORY) - Kit Carson,34
KitCarson,101-141-18,2819679,round 1: Proposition 130 (STATUTORY) - Kit Carson,29
KitCarson,101-142-25,2819750,round 1: Proposition 130 (STATUTORY) - Kit Carson,91
KitCarson,101-143-11,2819885,round 1: Proposition 130 (STATUTORY) - Kit Carson,77
KitCarson,101-146-22,2820257,round 1: Proposition 130 (STATUTORY) - Kit Carson,8
KitCarson,101-146-24,2820137,round 1: Proposition 130 (STATUTORY) - Kit Carson,24
KitCarson,101-148-6,2820308,round 1: Proposition 130 (STATUTORY) - Kit Carson,84
KitCarson,101-149-10,2820447,round 1: Proposition 130 (STATUTORY) - Kit Carson,27
KitCarson,101-152-24,2820612,round 1: Proposition 130 (STATUTORY) - Kit Carson,13
KitCarson,101-155-14,2821079,round 1: Proposition 130 (STATUTORY) - Kit Carson,10
KitCarson,101-157-1,2821531,round 1: Proposition 130 (STATUTORY) - Kit Carson,31
KitCarson,101-157-3,2821292,round 1: Proposition 130 (STATUTORY) - Kit Carson,98
KitCarson,101-159-1,2821567,round 1: Proposition 130 (STATUTORY) - Kit Carson,94
KitCarson,101-16-6,2809990,round 1: Proposition 130 (STATUTORY) - Kit Carson,96
KitCarson,101-160-2,2821591,round 1: Proposition 130 (STATUTORY) - Kit Carson,42
KitCarson,101-161-22,2821724,round 1: Proposition 130 (STATUTORY) - Kit Carson,82
KitCarson,101-161-24,2821728,round 1: Proposition 130 (STATUTORY) - Kit Carson,87
KitCarson,101-166-15,2822161,round 1: Proposition 130 (STATUTORY) - Kit Carson,52
KitCarson,101-166-2,2822160,round 1: Proposition 130 (STATUTORY) - Kit Carson,101
KitCarson,101-17-18,2810157,round 1: Proposition 130 (STATUTORY) - Kit Carson,88
KitCarson,101-17-2,2810023,round 1: Proposition 130 (STATUTORY) - Kit Carson,43
KitCarson,101-21-18,2810620,round 1: Proposition 130 (STATUTORY) - Kit Carson,102
KitCarson,101-21-5,2810589,round 1: Proposition 130 (STATUTORY) - Kit Carson,65
KitCarson,101-23-1,2810791,round 1: Proposition 130 (STATUTORY) - Kit Carson,100
KitCarson,101-25-15,2811053,round 1: Proposition 130 (STATUTORY) - Kit Carson,5
KitCarson,101-25-25,2811031,round 1: Proposition 130 (STATUTORY) - Kit Carson,45
KitCarson,101-27-7,2811177,round 1: Proposition 130 (STATUTORY) - Kit Carson,86
KitCarson,101-29-9,2811308,round 1: Proposition 130 (STATUTORY) - Kit Carson,73
KitCarson,101-3-3,2809100,round 1: Proposition 130 (STATUTORY) - Kit Carson,74
KitCarson,101-30-1,2811338,round 1: Proposition 130 (STATUTORY) - Kit Carson,15
KitCarson,101-31-22,2811402,round 1: Proposition 130 (STATUTORY) - Kit Carson,95
KitCarson,101-32-10,2811428,round 1: Proposition 130 (STATUTORY) - Kit Carson,32
KitCarson,101-39-2,2811916,round 1: Proposition 130 (STATUTORY) - Kit Carson,20
KitCarson,101-4-23,2809295,round 1: Proposition 130 (STATUTORY) - Kit Carson,28
KitCarson,101-41-19,2812220,round 1: Proposition 130 (STATUTORY) - Kit Carson,69
KitCarson,101-44-23,2812541,round 1: Proposition 130 (STATUTORY) - Kit Carson,68
KitCarson,101-45-11,2812552,round 1: Proposition 130 (STATUTORY) - Kit Carson,80
KitCarson,101-45-23,2812547,round 1: Proposition 130 (STATUTORY) - Kit Carson,4
KitCarson,101-45-23,2812547,round 1: Proposition 130 (STATUTORY) - Kit Carson,36
KitCarson,101-45-4,2812564,round 1: Proposition 130 (STATUTORY) - Kit Carson,92
KitCarson,101-47-22,2812639,round 1: Proposition 130 (STATUTORY) - Kit Carson,71
KitCarson,101-48-13,2812685,round 1: Proposition 130 (STATUTORY) - Kit Carson,49
KitCarson,101-49-12,2812708,round 1: Proposition 130 (STATUTORY) - Kit Carson,41
KitCarson,101-50-15,2812733,round 1: Proposition 130 (STATUTORY) - Kit Carson,12
KitCarson,101-54-3,2813285,round 1: Proposition 130 (STATUTORY) - Kit Carson,60
KitCarson,101-56-6,2813380,round 1: Proposition 130 (STATUTORY) - Kit Carson,76
KitCarson,101-57-11,2813386,round 1: Proposition 130 (STATUTORY) - Kit Carson,90
KitCarson,101-57-6,2813455,round 1: Proposition 130 (STATUTORY) - Kit Carson,14
KitCarson,101-58-2,2813481,round 1: Proposition 130 (STATUTORY) - Kit Carson,89
KitCarson,101-59-13,2813501,round 1: Proposition 130 (STATUTORY) - Kit Carson,7
KitCarson,101-6-12,2809350,round 1: Proposition 130 (STATUTORY) - Kit Carson,35
KitCarson,101-65-1,2813927,round 1: Proposition 130 (STATUTORY) - Kit Carson,33
KitCarson,101-65-11,2813919,round 1: Proposition 130 (STATUTORY) - Kit Carson,83
KitCarson,101-66-20,2813955,round 1: Proposition 130 (STATUTORY) - Kit Carson,16
KitCarson,101-66-6,2813970,round 1: Proposition 130 (STATUTORY) - Kit Carson,46
KitCarson,101-68-20,2814299,round 1: Proposition 130 (STATUTORY) - Kit Carson,79
KitCarson,101-69-2,2814383,round 1: Proposition 130 (STATUTORY) - Kit Carson,54
KitCarson,101-69-4,2814387,round 1: Proposition 130 (STATUTORY) - Kit Carson,17
KitCarson,101-7-2,2809433,round 1: Proposition 130 (STATUTORY) - Kit Carson,48
KitCarson,101-75-7,2814737,round 1: Proposition 130 (STATUTORY) - Kit Carson,78
KitCarson,101-76-20,2814779,round 1: Proposition 130 (STATUTORY) - Kit Carson,39
KitCarson,101-76-25,2814757,round 1: Proposition 130 (STATUTORY) - Kit Carson,18
KitCarson,101-8-6,2809461,round 1: Proposition 130 (STATUTORY) - Kit Carson,22
KitCarson,101-80-16,2815050,round 1: Proposition 130 (STATUTORY) - Kit Carson,64
KitCarson,101-80-6,2815043,round 1: Proposition 130 (STATUTORY) - Kit Carson,11
KitCarson,101-82-11,2815062,round 1: Proposition 130 (STATUTORY) - Kit Carson,53
KitCarson,101-83-20,2815133,round 1: Proposition 130 (STATUTORY) - Kit Carson,1
KitCarson,101-83-9,2815132,round 1: Proposition 130 (STATUTORY) - Kit Carson,50
KitCarson,101-84-24,2815145,round 1: Proposition 130 (STATUTORY) - Kit Carson,38
KitCarson,101-85-9,2815163,round 1: Proposition 130 (STATUTORY) - Kit Carson,21
KitCarson,101-86-17,2815188,round 1: Proposition 130 (STATUTORY) - Kit Carson,57
KitCarson,101-87-16,2815291,round 1: Proposition 130 (STATUTORY) - Kit Carson,59
KitCarson,101-9-11,2809474,round 1: Proposition 130 (STATUTORY) - Kit Carson,23
KitCarson,101-93-10,2815828,round 1: Proposition 130 (STATUTORY) - Kit Carson,19
KitCarson,101-95-3,2815942,round 1: Proposition 130 (STATUTORY) - Kit Carson,56
KitCarson,101-96-8,2816163,round 1: Proposition 130 (STATUTORY) - Kit Carson,61
KitCarson,101-97-18,2816272,round 1: Proposition 130 (STATUTORY) - Kit Carson,70
KitCarson,101-97-21,2816285,round 1: Proposition 130 (STATUTORY) - Kit Carson,44
KitCarson,101-98-14,2816331,round 1: Proposition 130 (STATUTORY) - Kit Carson,6
KitCarson,101-98-16,2816361,round 1: Proposition 130 (STATUTORY) - Kit Carson,40
KitCarson,101-98-5,2816406,round 1: Proposition 130 (STATUTORY) - Kit Carson,25
LaPlata,102-126-18,2920314,round 1: La Plata County Commissioner District 3,32
LaPlata,102-158-15,2926125,round 1: La Plata County Commissioner District 3,45
LaPlata,102-181-13,2929521,round 1: La Plata County Commissioner District 3,55
LaPlata,102-210-1,2934453,round 1: Presidential Electors,76
LaPlata,102-210-1,2934453,round 1: Regent of the University of Colorado - At Large,232
LaPlata,102-210-1,2934453,round 1: La Plata County Commissioner District 3,63
LaPlata,102-224-19,2936868,round 1: La Plata County Commissioner District 3,5
LaPlata,102-236-10,2939142,round 1: La Plata County Commissioner District 3,46
LaPlata,102-249-17,2943747,round 1: La Plata County Commissioner District 3,14
LaPlata,102-249-23,2943635,round 1: La Plata County Commissioner District 3,64
LaPlata,102-286-17,2950126,round 1: La Plata County Commissioner District 3,2
LaPlata,102-310-15,2953923,round 1: La Plata County Commissioner District 3,35
LaPlata,102-326-17,2957779,round 1: La Plata County Commissioner District 3,59
LaPlata,102-343-3,2960174,round 1: La Plata County Commissioner District 3,30
LaPlata,102-386-21,2966876,round 1: La Plata County Commissioner District 3,7
LaPlata,102-389-10,2967375,round 1: La Plata County Commissioner District 3,61
LaPlata,102-390-23,2967429,round 1: La Plata County Commissioner District 3,54
LaPlata,102-441-25,2975556,round 1: La Plata County Commissioner District 3,1
LaPlata,102-47-13,2901834,round 1: La Plata County Commissioner District 3,62
LaPlata,102-472-19,2979760,round 1: La Plata County Commissioner District 3,13
LaPlata,102-481-4,2982100,round 1: La Plata County Commissioner District 3,50
LaPlata,102-488-10,2983965,round 1: La Plata County Commissioner District 3,44
LaPlata,102-573-24,2999481,round 1: La Plata County Commissioner District 3,56
LaPlata,102-58-25,2904205,round 1: La Plata County Commissioner District 3,17
LaPlata,102-596-24,3002906,round 1: La Plata County Commissioner District 3,52
LaPlata,102-647-5,3012879,round 1: La Plata County Commissioner District 3,60
LaPlata,102-672-17,3017720,round 1: La Plata County Commissioner District 3,58
LaPlata,102-682-17,3019996,round 1: La Plata County Commissioner District 3,8
LaPlata,102-689-15,3021205,round 1: La Plata County Commissioner District 3,57
LaPlata,102-691-14,3021581,round 1: La Plata County Commissioner District 3,15
LaPlata,102-703-8,3023642,round 1: La Plata County Commissioner District 3,39
LaPlata,102-713-23,3025591,round 1: La Plata County Commissioner District 3,20
LaPlata,102-741-10,3030954,round 1: La Plata County Commissioner District 3,9
LaPlata,102-82-12,2910158,round 1: La Plata County Commissioner District 3,37
LaPlata,103-151-17,2920288,round 1: La Plata County Commissioner District 3,19
LaPlata,103-177-23,2926261,round 1: La Plata County Commissioner District 3,38
LaPlata,103-18-16,2895602,round 1: La Plata County Commissioner District 3,51
LaPlata,103-187-13,2928483,round 1: La Plata County Commissioner District 3,36
LaPlata,103-190-19,2928690,round 1: La Plata County Commissioner District 3,12
LaPlata,103-199-19,2930891,round 1: La Plata County Commissioner District 3,40
LaPlata,103-237-12,2938642,round 1: La Plata County Commissioner District 3,10
LaPlata,103-237-6,2938637,round 1: La Plata County Commissioner District 3,6
LaPlata,103-240-6,2939194,round 1: La Plata County Commissioner District 3,53
LaPlata,103-249-16,2940543,round 1: La Plata County Commissioner District 3,21
LaPlata,103-252-18,2940808,round 1: La Plata County Commissioner District 3,16
LaPlata,103-259-22,2942236,round 1: La Plata County Commissioner District 3,42
LaPlata,103-281-22,2946136,round 1: La Plata County Commissioner District 3,25
LaPlata,103-298-20,2948286,round 1: La Plata County Commissioner District 3,23
LaPlata,103-299-6,2948788,round 1: La Plata County Commissioner District 3,41
LaPlata,103-325-6,2954163,round 1: La Plata County Commissioner District 3,11
LaPlata,103-343-11,2958436,round 1: La Plata County Commissioner District 3,28
LaPlata,103-369-24,2963987,round 1: La Plata County Commissioner District 3,24
LaPlata,103-399-20,2971231,round 1: La Plata County Commissioner District 3,43
LaPlata,103-420-13,2976259,round 1: La Plata County Commissioner District 3,47
LaPlata,103-450-3,2982161,round 1: La Plata County Commissioner District 3,18
LaPlata,103-481-21,2988330,round 1: La Plata County Commissioner District 3,49
LaPlata,103-491-1,2989747,round 1: La Plata County Commissioner District 3,48
LaPlata,103-542-14,3000592,round 1: La Plata County Commissioner District 3,4
LaPlata,103-548-24,3001169,round 1: La Plata County Commissioner District 3,31
LaPlata,103-554-13,3001956,round 1: La Plata County Commissioner District 3,26
LaPlata,103-560-13,3002625,round 1: La Plata County Commissioner District 3,27
LaPlata,103-605-3,3010532,round 1: La Plata County Commissioner District 3,33
LaPlata,103-608-25,3011342,round 1: La Plata County Commissioner District 3,22
LaPlata,103-613-6,3012863,round 1: La Plata County Commissioner District 3,29
LaPlata,103-659-12,3020046,round 1: La Plata County Commissioner District 3,3
LaPlata,103-67-7,2906351,round 1: Presidential Electors,77
LaPlata,103-67-7,2906351,round 1: Regent of the University of Colorado - At Large,233
LaPlata,103-696-13,3028861,round 1: La Plata County Commissioner District 3,34
Larimer,101-209-194,4234674,round 1: Regent of the University of Colorado - At Large,261
Larimer,102-153-155,3906895,round 1: Regent of the University of Colorado - At Large,252
Larimer,103-127-181,4019647,round 1: Presidential Electors,80
Larimer,103-127-181,4019647,round 1: Regent of the University of Colorado - At Large,236
Larimer,103-72-120,3629428,round 1: Presidential Electors,82
Larimer,103-72-120,3629428,round 1: Regent of the University of Colorado - At Large,238
Larimer,104-127-44,3865199,round 1: Regent of the University of Colorado - At Large,259
Larimer,104-159-94,4059855,round 1: Regent of the University of Colorado - At Large,256
Larimer,104-207-175,4251602,round 1: Regent of the University of Colorado - At Large,260
Larimer,105-150-32,4147684,round 1: Regent of the University of Colorado - At Large,258
Larimer,105-169-76,4253629,round 1: Regent of the University of Colorado - At Large,257
Larimer,105-181-170,4283096,round 1: Regent of the University of Colorado - At Large,247
Larimer,106-121-151,4220172,round 1: Presidential Electors,83
Larimer,106-121-151,4220172,round 1: Regent of the University of Colorado - At Large,239
Larimer,106-58-164,3741270,round 1: Presidential Electors,84
Larimer,106-58-164,3741270,round 1: Regent of the University of Colorado - At Large,240
Larimer,106-61-189,3754271,round 1: Presidential Electors,86
Larimer,106-61-189,3754271,round 1: Regent of the University of Colorado - At Large,242
Larimer,106-78-133,3850058,round 1: Regent of the University of Colorado - At Large,246
Larimer,107-110-78,3983316,round 1: Regent of the University of Colorado - At Large,255
Larimer,107-133-171,4118750,round 1: Presidential Electors,85
Larimer,107-133-171,4118750,round 1: Regent of the University of Colorado - At Large,241
Larimer,108-21-188,3416407,round 1: Regent of the University of Colorado - At Large,248
Larimer,108-63-136,3690183,round 1: Regent of the University of Colorado - At Large,249
Larimer,108-94-115,3998024,round 1: Regent of the University of Colorado - At Large,254
Larimer,110-174-24,4103067,round 1: Regent of the University of Colorado - At Large,245
Larimer,110-214-123,4243427,round 1: Presidential Electors,79
Larimer,110-214-123,4243427,round 1: Regent of the University of Colorado - At Large,235
Larimer,110-31-188,3312433,round 1: Presidential Electors,78
Larimer,110-31-188,3312433,round 1: Regent of the University of Colorado - At Large,234
Larimer,110-55-69,3458110,round 1: Regent of the University of Colorado - At Large,244
Larimer,111-110-23,3862230,round 1: Regent of the University of Colorado - At Large,253
Larimer,111-196-122,4226696,round 1: Presidential Electors,81
Larimer,111-196-122,4226696,round 1: Regent of the University of Colorado - At Large,237
Larimer,112-145-87,3843132,round 1: Regent of the University of Colorado - At Large,243
Larimer,112-237-12,4120344,round 1: Regent of the University of Colorado - At Large,250
Larimer,112-243-195,4146351,round 1: Regent of the University of Colorado - At Large,251
LasAnimas,102-10-23,3382288,round 1: Las Animas County Commissioner District 2,36
LasAnimas,102-100-46,3399688,round 1: Las Animas County Commissioner District 2,37
LasAnimas,102-106-43,3401246,round 1: Las Animas County Commissioner District 2,40
LasAnimas,102-115-35,3402757,round 1: Las Animas County Commissioner District 2,1
LasAnimas,102-116-23,3403111,round 1: Las Animas County Commissioner District 2,29
LasAnimas,102-123-8,3404233,round 1: Las Animas County Commissioner District 2,34
LasAnimas,102-124-2,3404515,round 1: Las Animas County Commissioner District 2,31
LasAnimas,102-124-34,3404512,round 1: Las Animas County Commissioner District 2,39
LasAnimas,102-132-18,3406425,round 1: Las Animas County Commissioner District 2,7
LasAnimas,102-133-20,3406452,round 1: Las Animas County Commissioner District 2,11
LasAnimas,102-134-38,3406813,round 1: Las Animas County Commissioner District 2,33
LasAnimas,102-134-45,3406861,round 1: Las Animas County Commissioner District 2,16
LasAnimas,102-145-21,3409667,round 1: Las Animas County Commissioner District 2,38
LasAnimas,102-145-38,3409714,round 1: Las Animas County Commissioner District 2,2
LasAnimas,102-146-19,3410102,round 1: Las Animas County Commissioner District 2,14
LasAnimas,102-18-9,3383727,round 1: Las Animas County Commissioner District 2,18
LasAnimas,102-19-31,3383996,round 1: Las Animas County Commissioner District 2,30
LasAnimas,102-23-14,3384579,round 1: Las Animas County Commissioner District 2,9
LasAnimas,102-23-22,3384578,round 1: Las Animas County Commissioner District 2,28
LasAnimas,102-24-43,3384786,round 1: Las Animas County Commissioner District 2,35
LasAnimas,102-25-9,3385037,round 1: Las Animas County Commissioner District 2,19
LasAnimas,102-27-10,3385191,round 1: Las Animas County Commissioner District 2,6
LasAnimas,102-34-36,3386327,round 1: Las Animas County Commissioner District 2,15
LasAnimas,102-35-39,3386700,round 1: Las Animas County Commissioner District 2,22
LasAnimas,102-37-44,3387067,round 1: Las Animas County Commissioner District 2,12
LasAnimas,102-42-7,3388228,round 1: Las Animas County Commissioner District 2,4
LasAnimas,102-51-40,3389713,round 1: Las Animas County Commissioner District 2,32
LasAnimas,102-52-2,3389832,round 1: Las Animas County Commissioner District 2,3
LasAnimas,102-55-37,3390195,round 1: Las Animas County Commissioner District 2,24
LasAnimas,102-6-24,3381406,round 1: Las Animas County Commissioner District 2,26
LasAnimas,102-61-4,3391609,round 1: Las Animas County Commissioner District 2,13
LasAnimas,102-63-39,3392278,round 1: Las Animas County Commissioner District 2,8
LasAnimas,102-66-11,3392717,round 1: Las Animas County Commissioner District 2,10
LasAnimas,102-70-19,3393786,round 1: Las Animas County Commissioner District 2,5
LasAnimas,102-78-10,3395718,round 1: Las Animas County Commissioner District 2,25
LasAnimas,102-79-9,3396214,round 1: Las Animas County Commissioner District 2,21
LasAnimas,102-83-35,3397131,round 1: Las Animas County Commissioner District 2,27
LasAnimas,102-86-41,3397940,round 1: Las Animas County Commissioner District 2,20
LasAnimas,102-95-19,3399160,round 1: Las Animas County Commissioner District 2,17
LasAnimas,102-98-16,3399541,round 1: Las Animas County Commissioner District 2,23
Mesa,202-2128-16,3825950,round 1: Regent of the University of Colorado - At Large,263
Mesa,402-4077-67,3758001,round 1: Regent of the University of Colorado - At Large,265
Mesa,402-4342-94,3973874,round 1: Presidential Electors,87
Mesa,402-4342-94,3973874,round 1: Regent of the University of Colorado - At Large,262
Mesa,402-4344-31,3975186,round 1: Regent of the University of Colorado - At Large,264
Montezuma,102-133-17,4134329,round 1: Regent of the University of Colorado - At Large,266
Montrose,102-344-49,4219480,round 1: Presidential Electors,88
Montrose,102-344-49,4219480,round 1: Regent of the University of Colorado - At Large,267
Morgan,102-201-41,4308996,round 1: Presidential Electors,89
Morgan,102-201-41,4308996,round 1: Regent of the University of Colorado - At Large,268
Otero,102-65-4,4315900,round 1: Presidential Electors,90
Otero,102-65-4,4315900,round 1: Regent of the University of Colorado - At Large,269
Park,102-315-9,4335817,round 1: Regent of the University of Colorado - At Large,270
Pueblo,102-352-39,4440766,round 1: Presidential Electors,91
Pueblo,102-352-39,4440766,round 1: Regent of the University of Colorado - At Large,271
Pueblo,102-449-66,4464575,round 1: Regent of the University of Colorado - At Large,274
Pueblo,102-460-6,4465561,round 1: Regent of the University of Colorado - At Large,276
Pueblo,102-466-31,4466341,round 1: Presidential Electors,92
Pueblo,102-466-31,4466341,round 1: Regent of the University of Colorado - At Large,272
Pueblo,105-367-81,4459345,round 1: Regent of the University of Colorado - At Large,277
Pueblo,105-479-49,4495312,round 1: Regent of the University of Colorado - At Large,273
Pueblo,111-195-51,4447815,round 1: Regent of the University of Colorado - At Large,275
RioBlanco,102-1-10,4413407,round 1: Amendment 80 (CONSTITUTIONAL) - Rio Blanco,17
RioBlanco,102-101-25,4419386,round 1: Amendment 80 (CONSTITUTIONAL) - Rio Blanco,59
RioBlanco,102-102-20,4419561,round 1: Amendment 80 (CONSTITUTIONAL) - Rio Blanco,56
RioBlanco,102-105-24,4419783,round 1: Amendment 80 (CONSTITUTIONAL) - Rio Blanco,44
RioBlanco,102-107-5,4419845,round 1: Amendment 80 (CONSTITUTIONAL) - Rio Blanco,5
RioBlanco,102-107-9,4419840,round 1: Amendment 80 (CONSTITUTIONAL) - Rio Blanco,8
RioBlanco,102-115-20,4420240,round 1: Amendment 80 (CONSTITUTIONAL) - Rio Blanco,9
RioBlanco,102-115-5,4420368,round 1: Amendment 80 (CONSTITUTIONAL) - Rio Blanco,46
RioBlanco,102-117-24,4420392,round 1: Amendment 80 (CONSTITUTIONAL) - Rio Blanco,30
RioBlanco,102-119-3,4420529,round 1: Amendment 80 (CONSTITUTIONAL) - Rio Blanco,50
RioBlanco,102-123-22,4420773,round 1: Amendment 80 (CONSTITUTIONAL) - Rio Blanco,51
RioBlanco,102-13-16,4413997,round 1: Amendment 80 (CONSTITUTIONAL) - Rio Blanco,31
RioBlanco,102-134-12,4421518,round 1: Amendment 80 (CONSTITUTIONAL) - Rio Blanco,55
RioBlanco,102-138-11,4421760,round 1: Amendment 80 (CONSTITUTIONAL) - Rio Blanco,37
RioBlanco,102-138-15,4421749,round 1: Amendment 80 (CONSTITUTIONAL) - Rio Blanco,42
RioBlanco,102-139-25,4421871,round 1: Amendment 80 (CONSTITUTIONAL) - Rio Blanco,11
RioBlanco,102-14-22,4414020,round 1: Amendment 80 (CONSTITUTIONAL) - Rio Blanco,58
RioBlanco,102-14-23,4414193,round 1: Amendment 80 (CONSTITUTIONAL) - Rio Blanco,43
RioBlanco,102-142-7,4421925,round 1: Amendment 80 (CONSTITUTIONAL) - Rio Blanco,57
RioBlanco,102-145-16,4422150,round 1: Amendment 80 (CONSTITUTIONAL) - Rio Blanco,18
RioBlanco,102-146-20,4422181,round 1: Amendment 80 (CONSTITUTIONAL) - Rio Blanco,36
RioBlanco,102-146-20,4422181,round 1: Amendment 80 (CONSTITUTIONAL) - Rio Blanco,53
RioBlanco,102-148-21,4422287,round 1: Amendment 80 (CONSTITUTIONAL) - Rio Blanco,13
RioBlanco,102-149-20,4422314,round 1: Amendment 80 (CONSTITUTIONAL) - Rio Blanco,52
RioBlanco,102-150-10,4422484,round 1: Amendment 80 (CONSTITUTIONAL) - Rio Blanco,54
RioBlanco,102-150-22,4422342,round 1: Amendment 80 (CONSTITUTIONAL) - Rio Blanco,1
RioBlanco,102-152-12,4422512,round 1: Amendment 80 (CONSTITUTIONAL) - Rio Blanco,19
RioBlanco,102-156-12,4422740,round 1: Amendment 80 (CONSTITUTIONAL) - Rio Blanco,47
RioBlanco,102-157-3,4422782,round 1: Amendment 80 (CONSTITUTIONAL) - Rio Blanco,48
RioBlanco,102-19-21,4414448,round 1: Amendment 80 (CONSTITUTIONAL) - Rio Blanco,49
RioBlanco,102-23-2,4414645,round 1: Amendment 80 (CONSTITUTIONAL) - Rio Blanco,45
RioBlanco,102-23-22,4414653,round 1: Amendment 80 (CONSTITUTIONAL) - Rio Blanco,39
RioBlanco,102-24-25,4414763,round 1: Amendment 80 (CONSTITUTIONAL) - Rio Blanco,22
RioBlanco,102-26-1,4414834,round 1: Amendment 80 (CONSTITUTIONAL) - Rio Blanco,2
RioBlanco,102-27-2,4414891,round 1: Amendment 80 (CONSTITUTIONAL) - Rio Blanco,3
RioBlanco,102-28-24,4414993,round 1: Amendment 80 (CONSTITUTIONAL) - Rio Blanco,29
RioBlanco,102-39-11,4415681,round 1: Amendment 80 (CONSTITUTIONAL) - Rio Blanco,24
RioBlanco,102-4-16,4413462,round 1: Amendment 80 (CONSTITUTIONAL) - Rio Blanco,4
RioBlanco,102-41-20,4415810,round 1: Amendment 80 (CONSTITUTIONAL) - Rio Blanco,16
RioBlanco,102-44-11,4416034,round 1: Amendment 80 (CONSTITUTIONAL) - Rio Blanco,21
RioBlanco,102-45-21,4416056,round 1: Amendment 80 (CONSTITUTIONAL) - Rio Blanco,12
RioBlanco,102-53-24,4416482,round 1: Amendment 80 (CONSTITUTIONAL) - Rio Blanco,38
RioBlanco,102-54-21,4416614,round 1: Amendment 80 (CONSTITUTIONAL) - Rio Blanco,6
RioBlanco,102-57-13,4416723,round 1: Amendment 80 (CONSTITUTIONAL) - Rio Blanco,34
RioBlanco,102-59-9,4416854,round 1: Amendment 80 (CONSTITUTIONAL) - Rio Blanco,41
RioBlanco,102-60-15,4416877,round 1: Amendment 80 (CONSTITUTIONAL) - Rio Blanco,26
RioBlanco,102-62-4,4417089,round 1: Amendment 80 (CONSTITUTIONAL) - Rio Blanco,14
RioBlanco,102-7-17,4413619,round 1: Amendment 80 (CONSTITUTIONAL) - Rio Blanco,20
RioBlanco,102-70-20,4417528,round 1: Amendment 80 (CONSTITUTIONAL) - Rio Blanco,15
RioBlanco,102-72-15,4417650,round 1: Amendment 80 (CONSTITUTIONAL) - Rio Blanco,32
RioBlanco,102-73-4,4417684,round 1: Amendment 80 (CONSTITUTIONAL) - Rio Blanco,40
RioBlanco,102-75-21,4417878,round 1: Amendment 80 (CONSTITUTIONAL) - Rio Blanco,28
RioBlanco,102-77-14,4417933,round 1: Amendment 80 (CONSTITUTIONAL) - Rio Blanco,25
RioBlanco,102-81-17,4418093,round 1: Amendment 80 (CONSTITUTIONAL) - Rio Blanco,33
RioBlanco,102-82-7,4418274,round 1: Amendment 80 (CONSTITUTIONAL) - Rio Blanco,23
RioBlanco,102-92-15,4418745,round 1: Amendment 80 (CONSTITUTIONAL) - Rio Blanco,27
RioBlanco,102-95-9,4418981,round 1: Amendment 80 (CONSTITUTIONAL) - Rio Blanco,10
RioBlanco,102-97-19,4419171,round 1: Amendment 80 (CONSTITUTIONAL) - Rio Blanco,7
RioBlanco,102-98-23,4419226,round 1: Amendment 80 (CONSTITUTIONAL) - Rio Blanco,35
RioGrande,102-109-7,4482636,round 1: Rio Grande County Court - Stenger,33
RioGrande,102-112-4,4482861,round 1: Rio Grande County Court - Stenger,5
RioGrande,102-131-18,4484068,round 1: Rio Grande County Court - Stenger,17
RioGrande,102-132-6,4484251,round 1: Rio Grande County Court - Stenger,31
RioGrande,102-137-20,4484498,round 1: Rio Grande County Court - Stenger,25
RioGrande,102-14-12,4476348,round 1: Rio Grande County Court - Stenger,35
RioGrande,102-145-7,4485073,round 1: Rio Grande County Court - Stenger,18
RioGrande,102-153-12,4485589,round 1: Rio Grande County Court - Stenger,32
RioGrande,102-16-4,4476385,round 1: Rio Grande County Court - Stenger,34
RioGrande,102-169-3,4486542,round 1: Rio Grande County Court - Stenger,22
RioGrande,102-171-4,4486667,round 1: Rio Grande County Court - Stenger,13
RioGrande,102-172-10,4486722,round 1: Rio Grande County Court - Stenger,26
RioGrande,102-176-14,4486950,round 1: Rio Grande County Court - Stenger,30
RioGrande,102-178-2,4487165,round 1: Rio Grande County Court - Stenger,23
RioGrande,102-178-5,4487159,round 1: Rio Grande County Court - Stenger,11
RioGrande,102-182-16,4487380,round 1: Rio Grande County Court - Stenger,2
RioGrande,102-185-23,4487569,round 1: Rio Grande County Court - Stenger,7
RioGrande,102-200-1,4488669,round 1: Rio Grande County Court - Stenger,14
RioGrande,102-206-15,4489071,round 1: Rio Grande County Court - Stenger,1
RioGrande,102-208-2,4489126,round 1: Rio Grande County Court - Stenger,27
RioGrande,102-209-2,4489305,round 1: Rio Grande County Court - Stenger,16
RioGrande,102-21-18,4476908,round 1: Rio Grande County Court - Stenger,29
RioGrande,102-226-24,4490352,round 1: Rio Grande County Court - Stenger,28
RioGrande,102-227-10,4490371,round 1: Rio Grande County Court - Stenger,12
RioGrande,102-232-13,4490754,round 1: Rio Grande County Court - Stenger,21
RioGrande,102-236-12,4490984,round 1: Rio Grande County Court - Stenger,8
RioGrande,102-243-22,4491444,round 1: Rio Grande County Court - Stenger,24
RioGrande,102-246-5,4491678,round 1: Rio Grande County Court - Stenger,9
RioGrande,102-28-17,4477418,round 1: Rio Grande County Court - Stenger,10
RioGrande,102-5-15,4475791,round 1: Rio Grande County Court - Stenger,3
RioGrande,102-56-12,4479222,round 1: Rio Grande County Court - Stenger,4
RioGrande,102-66-11,4479896,round 1: Rio Grande County Court - Stenger,19
RioGrande,102-75-16,4480516,round 1: Rio Grande County Court - Stenger,20
RioGrande,102-84-14,4481128,round 1: Rio Grande County Court - Stenger,6
RioGrande,102-97-8,4481895,round 1: Rio Grande County Court - Stenger,15
Saguache,102-1-15,4848581,round 1: Saguache County Commissioner District 1,18
Saguache,102-1-15,4848581,round 1: Saguache County Commissioner District 1,81
Saguache,102-10-23,4848797,round 1: Saguache County Commissioner District 1,122
Saguache,102-100-2,4851063,round 1: Saguache County Commissioner District 1,94
Saguache,102-101-22,4851075,round 1: Saguache County Commissioner District 1,121
Saguache,102-101-23,4851071,round 1: Saguache County Commissioner District 1,118
Saguache,102-104-1,4851154,round 1: Saguache County Commissioner District 1,99
Saguache,102-104-7,4851167,round 1: Saguache County Commissioner District 1,114
Saguache,102-106-14,4851205,round 1: Saguache County Commissioner District 1,119
Saguache,102-107-2,4851242,round 1: Saguache County Commissioner District 1,86
Saguache,102-109-23,4851281,round 1: Saguache County Commissioner District 1,117
Saguache,102-110-15,4851307,round 1: Saguache County Commissioner District 1,87
Saguache,102-112-8,4851363,round 1: Saguache County Commissioner District 1,82
Saguache,102-113-15,4851392,round 1: Saguache County Commissioner District 1,71
Saguache,102-113-21,4851371,round 1: Saguache County Commissioner District 1,23
Saguache,102-114-21,4851396,round 1: Saguache County Commissioner District 1,46
Saguache,102-115-10,4851433,round 1: Saguache County Commissioner District 1,105
Saguache,102-116-13,4851469,round 1: Saguache County Commissioner District 1,112
Saguache,102-12-14,4848857,round 1: Saguache County Commissioner District 1,109
Saguache,102-122-17,4851610,round 1: Saguache County Commissioner District 1,120
Saguache,102-122-19,4851614,round 1: Saguache County Commissioner District 1,110
Saguache,102-122-4,4851617,round 1: Saguache County Commissioner District 1,104
Saguache,102-124-23,4851655,round 1: Saguache County Commissioner District 1,116
Saguache,102-125-18,4851687,round 1: Saguache County Commissioner District 1,97
Saguache,102-127-14,4851730,round 1: Saguache County Commissioner District 1,26
Saguache,102-127-15,4851743,round 1: Saguache County Commissioner District 1,1
Saguache,102-128-9,4851767,round 1: Saguache County Commissioner District 1,22
Saguache,102-129-19,4851789,round 1: Saguache County Commissioner District 1,115
Saguache,102-131-10,4851842,round 1: Saguache County Commissioner District 1,7
Saguache,102-133-8,4851874,round 1: Saguache County Commissioner District 1,15
Saguache,102-136-11,4851946,round 1: Saguache County Commissioner District 1,32
Saguache,102-138-2,4852003,round 1: Saguache County Commissioner District 1,40
Saguache,102-138-29,4852012,round 1: Saguache County Commissioner District 1,3
Saguache,102-16-12,4848950,round 1: Saguache County Commissioner District 1,48
Saguache,102-17-22,4848977,round 1: Saguache County Commissioner District 1,93
Saguache,102-18-11,4848999,round 1: Saguache County Commissioner District 1,5
Saguache,102-18-21,4849016,round 1: Saguache County Commissioner District 1,8
Saguache,102-19-22,4849044,round 1: Saguache County Commissioner District 1,89
Saguache,102-19-23,4849024,round 1: Saguache County Commissioner District 1,113
Saguache,102-20-16,4849061,round 1: Saguache County Commissioner District 1,106
Saguache,102-20-4,4849070,round 1: Saguache County Commissioner District 1,95
Saguache,102-21-11,4849072,round 1: Saguache County Commissioner District 1,10
Saguache,102-23-20,4849143,round 1: Saguache County Commissioner District 1,77
Saguache,102-25-19,4849192,round 1: Saguache County Commissioner District 1,37
Saguache,102-26-17,4849213,round 1: Saguache County Commissioner District 1,62
Saguache,102-26-21,4849196,round 1: Saguache County Commissioner District 1,57
Saguache,102-26-4,4849214,round 1: Saguache County Commissioner District 1,54
Saguache,102-27-15,4849232,round 1: Saguache County Commissioner District 1,27
Saguache,102-27-16,4849234,round 1: Saguache County Commissioner District 1,44
Saguache,102-29-5,4849277,round 1: Saguache County Commissioner District 1,30
Saguache,102-3-1,4848630,round 1: Saguache County Commissioner District 1,108
Saguache,102-31-10,4849341,round 1: Saguache County Commissioner District 1,111
Saguache,102-32-15,4849359,round 1: Saguache County Commissioner District 1,101
Saguache,102-35-17,4849436,round 1: Saguache County Commissioner District 1,78
Saguache,102-37-4,4849494,round 1: Saguache County Commissioner District 1,74
Saguache,102-38-18,4849514,round 1: Saguache County Commissioner District 1,42
Saguache,102-39-9,4849538,round 1: Saguache County Commissioner District 1,33
Saguache,102-40-19,4849552,round 1: Saguache County Commissioner District 1,21
Saguache,102-41-10,4849573,round 1: Saguache County Commissioner District 1,107
Saguache,102-42-21,4849596,round 1: Saguache County Commissioner District 1,61
Saguache,102-43-13,4849630,round 1: Saguache County Commissioner District 1,100
Saguache,102-43-15,4849633,round 1: Saguache County Commissioner District 1,92
Saguache,102-44-2,4849667,round 1: Saguache County Commissioner District 1,84
Saguache,102-45-18,4849688,round 1: Saguache County Commissioner District 1,96
Saguache,102-45-2,4849691,round 1: Saguache County Commissioner District 1,98
Saguache,102-45-5,4849687,round 1: Saguache County Commissioner District 1,79
Saguache,102-47-6,4849736,round 1: Saguache County Commissioner District 1,103
Saguache,102-47-7,4849738,round 1: Saguache County Commissioner District 1,24
Saguache,102-48-17,4849761,round 1: Saguache County Commissioner District 1,102
Saguache,102-48-20,4849765,round 1: Saguache County Commissioner District 1,17
Saguache,102-5-16,4848686,round 1: Saguache County Commissioner District 1,75
Saguache,102-5-24,4848674,round 1: Saguache County Commissioner District 1,80
Saguache,102-5-4,4848685,round 1: Saguache County Commissioner District 1,35
Saguache,102-5-9,4848689,round 1: Saguache County Commissioner District 1,70
Saguache,102-51-13,4849828,round 1: Saguache County Commissioner District 1,4
Saguache,102-52-5,4849861,round 1: Saguache County Commissioner District 1,91
Saguache,102-54-10,4849905,round 1: Saguache County Commissioner District 1,90
Saguache,102-55-21,4849926,round 1: Saguache County Commissioner District 1,41
Saguache,102-55-22,4849942,round 1: Saguache County Commissioner District 1,29
Saguache,102-6-8,4848718,round 1: Saguache County Commissioner District 1,72
Saguache,102-60-6,4850051,round 1: Saguache County Commissioner District 1,56
Saguache,102-63-11,4850123,round 1: Saguache County Commissioner District 1,69
Saguache,102-64-12,4850152,round 1: Saguache County Commissioner District 1,52
Saguache,102-66-1,4850219,round 1: Saguache County Commissioner District 1,43
Saguache,102-68-12,4850250,round 1: Saguache County Commissioner District 1,76
Saguache,102-68-13,4850253,round 1: Saguache County Commissioner District 1,63
Saguache,102-68-14,4850256,round 1: Saguache County Commissioner District 1,45
Saguache,102-69-11,4850272,round 1: Saguache County Commissioner District 1,47
Saguache,102-69-16,4850283,round 1: Saguache County Commissioner District 1,55
Saguache,102-7-2,4848733,round 1: Saguache County Commissioner District 1,36
Saguache,102-7-4,4848728,round 1: Saguache County Commissioner District 1,51
Saguache,102-70-5,4850319,round 1: Saguache County Commissioner District 1,88
Saguache,102-72-19,4850369,round 1: Saguache County Commissioner District 1,19
Saguache,102-74-17,4850410,round 1: Saguache County Commissioner District 1,68
Saguache,102-74-23,4850401,round 1: Saguache County Commissioner District 1,85
Saguache,102-75-1,4850423,round 1: Saguache County Commissioner District 1,50
Saguache,102-76-9,4850454,round 1: Saguache County Commissioner District 1,53
Saguache,102-78-2,4850512,round 1: Saguache County Commissioner District 1,38
Saguache,102-78-2,4850512,round 1: Saguache County Commissioner District 1,73
Saguache,102-79-4,4850529,round 1: Saguache County Commissioner District 1,31
Saguache,102-79-5,4850543,round 1: Saguache County Commissioner District 1,12
Saguache,102-82-11,4850597,round 1: Saguache County Commissioner District 1,14
Saguache,102-82-2,4850612,round 1: Saguache County Commissioner District 1,11
Saguache,102-85-18,4850688,round 1: Saguache County Commissioner District 1,83
Saguache,102-86-12,4850702,round 1: Saguache County Commissioner District 1,13
Saguache,102-87-24,4850729,round 1: Saguache County Commissioner District 1,25
Saguache,102-89-14,4850781,round 1: Saguache County Commissioner District 1,39
Saguache,102-89-16,4850785,round 1: Saguache County Commissioner District 1,34
Saguache,102-89-6,4850794,round 1: Saguache County Commissioner District 1,6
Saguache,102-91-20,4850840,round 1: Saguache County Commissioner District 1,60
Saguache,102-92-16,4850861,round 1: Saguache County Commissioner District 1,16
Saguache,102-92-7,4850862,round 1: Saguache County Commissioner District 1,2
Saguache,102-92-7,4850862,round 1: Saguache County Commissioner District 1,58
Saguache,102-94-15,4850909,round 1: Saguache County Commissioner District 1,67
Saguache,102-95-16,4850934,round 1: Saguache County Commissioner District 1,28
Saguache,102-96-6,4850967,round 1: Saguache County Commissioner District 1,64
Saguache,102-98-4,4851016,round 1: Saguache County Commissioner District 1,20
Saguache,102-98-8,4851019,round 1: Saguache County Commissioner District 1,66
Saguache,102-99-4,4851042,round 1: Saguache County Commissioner District 1,49
SanMiguel,102-104-2,4587950,round 1: San Miguel County Ballot Question 1A,12
SanMiguel,102-13-17,4583588,round 1: San Miguel County Ballot Question 1A,31
SanMiguel,102-21-11,4583962,round 1: San Miguel County Ballot Question 1A,35
SanMiguel,102-21-18,4583994,round 1: San Miguel County Ballot Question 1A,7
SanMiguel,102-22-19,4584051,round 1: San Miguel County Ballot Question 1A,37
SanMiguel,102-25-23,4584162,round 1: San Miguel County Ballot Question 1A,38
SanMiguel,102-27-50,4584281,round 1: San Miguel County Ballot Question 1A,33
SanMiguel,102-29-35,4584360,round 1: San Miguel County Ballot Question 1A,5
SanMiguel,102-3-14,4583105,round 1: San Miguel County Ballot Question 1A,36
SanMiguel,102-31-11,4584463,round 1: San Miguel County Ballot Question 1A,25
SanMiguel,102-31-24,4584508,round 1: San Miguel County Ballot Question 1A,23
SanMiguel,102-31-47,4584491,round 1: San Miguel County Ballot Question 1A,19
SanMiguel,102-35-29,4584694,round 1: San Miguel County Ballot Question 1A,1
SanMiguel,102-4-20,4583153,round 1: San Miguel County Ballot Question 1A,14
SanMiguel,102-43-34,4585060,round 1: San Miguel County Ballot Question 1A,16
SanMiguel,102-43-44,4585086,round 1: San Miguel County Ballot Question 1A,32
SanMiguel,102-52-20,4585354,round 1: San Miguel County Ballot Question 1A,34
SanMiguel,102-52-6,4585352,round 1: San Miguel County Ballot Question 1A,6
SanMiguel,102-57-18,4585593,round 1: San Miguel County Ballot Question 1A,8
SanMiguel,102-64-45,4585934,round 1: San Miguel County Ballot Question 1A,30
SanMiguel,102-65-5,4585999,round 1: San Miguel County Ballot Question 1A,9
SanMiguel,102-66-48,4586052,round 1: San Miguel County Ballot Question 1A,18
SanMiguel,102-67-38,4586066,round 1: San Miguel County Ballot Question 1A,22
SanMiguel,102-67-9,4586077,round 1: San Miguel County Ballot Question 1A,29
SanMiguel,102-68-25,4586111,round 1: San Miguel County Ballot Question 1A,10
SanMiguel,102-79-12,4586670,round 1: San Miguel County Ballot Question 1A,2
SanMiguel,102-8-15,4583332,round 1: San Miguel County Ballot Question 1A,21
SanMiguel,102-81-23,4586809,round 1: Regent of the University of Colorado - At Large,278
SanMiguel,102-85-34,4586988,round 1: San Miguel County Ballot Question 1A,17
SanMiguel,102-85-36,4587005,round 1: San Miguel County Ballot Question 1A,3
SanMiguel,102-87-31,4587061,round 1: San Miguel County Ballot Question 1A,20
SanMiguel,102-88-3,4587158,round 1: San Miguel County Ballot Question 1A,11
SanMiguel,102-89-22,4587204,round 1: San Miguel County Ballot Question 1A,26
SanMiguel,102-89-25,4587162,round 1: San Miguel County Ballot Question 1A,24
SanMiguel,102-89-47,4587194,round 1: San Miguel County Ballot Question 1A,27
SanMiguel,102-91-31,4587261,round 1: San Miguel County Ballot Question 1A,28
SanMiguel,102-94-13,4587422,round 1: San Miguel County Ballot Question 1A,4
SanMiguel,102-96-21,4587550,round 1: San Miguel County Ballot Question 1A,13
SanMiguel,102-98-12,4587616,round 1: San Miguel County Ballot Question 1A,15
Summit,102-450-1,4841474,round 1: Regent of the University of Colorado - At Large,280
Summit,102-556-2,4844174,round 1: Regent of the University of Colorado - At Large,279
Teller,102-212-24,4614149,round 1: Regent of the University of Colorado - At Large,282
Teller,102-277-9,4615660,round 1: Regent of the University of Colorado - At Large,283
Teller,102-478-13,4620491,round 1: Presidential Electors,93
Teller,102-478-13,4620491,round 1: Regent of the University of Colorado - At Large,281
Weld,101-144-79,4719235,round 1: Regent of the University of Colorado - At Large,298
Weld,101-65-60,4673352,round 1: Presidential Electors,97
Weld,101-65-60,4673352,round 1: Regent of the University of Colorado - At Large,287
Weld,102-49-26,4666658,round 1: Regent of the University of Colorado - At Large,297
Weld,103-117-55,4713008,round 1: Presidential Electors,98
Weld,103-117-55,4713008,round 1: Regent of the University of Colorado - At Large,291
Weld,103-212-20,4785307,round 1: Regent of the University of Colorado - At Large,292
Weld,103-215-34,4785759,round 1: Regent of the University of Colorado - At Large,296
Weld,103-60-25,4678486,round 1: Regent of the University of Colorado - At Large,293
Weld,104-121-2,4698039,round 1: Presidential Electors,94
Weld,104-121-2,4698039,round 1: Regent of the University of Colorado - At Large,284
Weld,104-181-82,4735295,round 1: Regent of the University of Colorado - At Large,295
Weld,104-79-50,4678642,round 1: Presidential Electors,95
Weld,104-79-50,4678642,round 1: Regent of the University of Colorado - At Large,285
Weld,105-115-65,4702021,round 1: Regent of the University of Colorado - At Large,294
Weld,105-65-93,4671263,round 1: Regent of the University of Colorado - At Large,288
Weld,105-67-96,4671800,round 1: Regent of the University of Colorado - At Large,289
Weld,106-105-10,4690053,round 1: Regent of the University of Colorado - At Large,290
Weld,108-14-66,4801267,round 1: Presidential Electors,96
Weld,108-14-66,4801267,round 1: Regent of the University of Colorado - At Large,286
Yuma,102-81-9,4826952,round 1: Presidential Electors,99
Yuma,102-81-9,4826952,round 1: Regent of the University of Colorado - At Large,299
