contest_name,sequence,round,county,imprinted_id,status,reason
Adams County Commissioner - District 5,2,1,Adams,109-176-83,ok,
Adams County Commissioner - District 5,5,1,Adams,112-181-82,ok,
Adams County Commissioner - District 5,6,1,Adams,101-510-83,ok,
Adams County Commissioner - District 5,8,1,Adams,112-381-10,ok,
Adams County Commissioner - District 5,9,1,Adams,107-145-18,ok,
Adams County Commissioner - District 5,10,1,Adams,103-175-70,ok,
Adams County Commissioner - District 5,14,1,Adams,109-422-33,ok,
Adams County Commissioner - District 5,18,1,Adams,110-382-53,ok,
Adams County Commissioner - District 5,21,1,Adams,101-409-17,ok,
Adams County Commissioner - District 5,23,1,Adams,103-145-9,ok,
Adams County Commissioner - District 5,25,1,Adams,102-147-14,ok,
Adams County Commissioner - District 5,26,1,Adams,109-3-14,ok,
Adams County Commissioner - District 5,27,1,Adams,106-205-82,ok,
Adams County Commissioner - District 5,28,1,Adams,109-306-76,ok,
Adams County Commissioner - District 5,32,1,Adams,109-121-11,ok,
Adams County Commissioner - District 5,33,1,Adams,103-562-15,ok,
Adams County Commissioner - District 5,35,1,Adams,109-387-72,ok,
Adams County Commissioner - District 5,36,1,Adams,107-145-24,ok,
Adams County Commissioner - District 5,37,1,Adams,101-566-84,ok,
Adams County Commissioner - District 5,40,1,Adams,102-53-9,ok,
Adams County Commissioner - District 5,41,1,Adams,103-53-106,ok,
Adams County Commissioner - District 5,43,1,Adams,107-199-31,ok,
Adams County Commissioner - District 5,45,1,Adams,101-146-54,ok,
Adams County Commissioner - District 5,46,1,Adams,106-57-92,ok,
Adams County Commissioner - District 5,47,1,Adams,109-281-59,ok,
Adams County Commissioner - District 5,50,1,Adams,103-415-15,ok,
Adams County Commissioner - District 5,52,1,Adams,103-464-83,ok,
Adams County Commissioner - District 5,53,1,Adams,109-421-61,ok,
Adams County Commissioner - District 5,55,1,Adams,109-247-56,ok,
Adams County Commissioner - District 5,56,1,Adams,104-110-70,ok,
Adams County Commissioner - District 5,59,1,Adams,112-273-71,ok,
Adams County Commissioner - District 5,60,1,Adams,112-201-92,ok,
Adams County Commissioner - District 5,61,1,Adams,108-93-24,ok,
Adams County Commissioner - District 5,62,1,Adams,106-10-16,ok,
Adams County Commissioner - District 5,66,1,Adams,112-52-39,ok,
Adams County Commissioner - District 5,71,1,Adams,110-224-41,ok,
Adams County Commissioner - District 5,72,1,Adams,103-482-7,ok,
Adams County Commissioner - District 5,77,1,Adams,110-335-48,ok,
Adams County Commissioner - District 5,79,1,Adams,106-523-33,ok,
Adams County Commissioner - District 5,83,1,Adams,103-191-84,ok,
Adams County Commissioner - District 5,85,1,Adams,106-8-100,ok,
Adams County Commissioner - District 5,86,1,Adams,109-220-65,ok,
Adams County Commissioner - District 5,87,1,Adams,107-214-67,ok,
Adams County Commissioner - District 5,88,1,Adams,110-37-5,ok,
Adams County Commissioner - District 5,89,1,Adams,101-554-40,ok,
Adams County Commissioner - District 5,91,1,Adams,109-308-22,ok,
Adams County Commissioner - District 5,94,1,Adams,109-383-7,ok,
Adams County Commissioner - District 5,98,1,Adams,103-503-55,ok,
Adams County Commissioner - District 5,99,1,Adams,103-470-87,ok,
Adams County Commissioner - District 5,100,1,Adams,109-119-57,ok,
Adams County Commissioner - District 5,102,1,Adams,110-156-3,ok,
Adams County Commissioner - District 5,103,1,Adams,106-634-44,ok,
Adams County Commissioner - District 5,113,1,Adams,106-218-26,ok,
Adams County Commissioner - District 5,117,1,Adams,109-322-42,ok,
Adams County Commissioner - District 5,118,1,Adams,105-131-31,ok,
Adams County Commissioner - District 5,124,1,Adams,109-371-46,ok,
Adams County Commissioner - District 5,128,1,Adams,106-615-17,ok,
Adams County Commissioner - District 5,129,1,Adams,103-356-61,ok,
Adams County Commissioner - District 5,130,1,Adams,110-42-95,ok,
Adams County Commissioner - District 5,134,1,Adams,102-71-40,ok,
Adams County Commissioner - District 5,135,1,Adams,106-445-37,ok,
Adams County Commissioner - District 5,137,1,Adams,104-191-71,ok,
Adams County Commissioner - District 5,140,1,Adams,106-634-34,ok,
Adams County Commissioner - District 5,141,1,Adams,104-29-15,ok,
Adams County Commissioner - District 5,142,1,Adams,109-111-7,ok,
Adams County Commissioner - District 5,146,1,Adams,108-28-99,ok,
Adams County Commissioner - District 5,147,1,Adams,106-42-89,ok,
Adams County Commissioner - District 5,148,1,Adams,108-42-88,ok,
Adams County Commissioner - District 5,149,1,Adams,104-242-54,ok,
Adams County Commissioner - District 5,150,1,Adams,110-53-86,ok,
Adams County Commissioner - District 5,152,1,Adams,101-370-71,ok,
Adams County Commissioner - District 5,154,1,Adams,101-402-64,ok,
Adams County Commissioner - District 5,155,1,Adams,112-288-83,ok,
Adams County Commissioner - District 5,156,1,Adams,106-207-16,ok,
Adams County Commissioner - District 5,157,1,Adams,104-126-66,ok,
Adams County Commissioner - District 5,158,1,Adams,101-130-14,ok,
Adams County Commissioner - District 5,159,1,Adams,102-69-97,ok,
Adams County Commissioner - District 5,160,1,Adams,104-163-45,ok,
Adams County Commissioner - District 5,162,1,Adams,112-80-87,ok,
Adams County Commissioner - District 5,163,1,Adams,109-395-78,ok,
Adams County Commissioner - District 5,165,1,Adams,105-28-77,ok,
Adams County Commissioner - District 5,166,1,Adams,109-339-57,ok,
Adams County Commissioner - District 5,173,1,Adams,101-101-7,ok,
Adams County Commissioner - District 5,174,1,Adams,106-100-22,ok,
Adams County Commissioner - District 5,175,1,Adams,105-214-84,ok,
Adams County Commissioner - District 5,177,1,Adams,108-49-1,ok,
Adams County Commissioner - District 5,179,1,Adams,102-287-59,ok,
Adams County Commissioner - District 5,181,1,Adams,103-201-29,ok,
Adams County Commissioner - District 5,182,1,Adams,112-304-45,ok,
Adams County Commissioner - District 5,187,1,Adams,112-338-19,ok,
Adams County Commissioner - District 5,190,1,Adams,104-240-56,ok,
Adams County Commissioner - District 5,192,1,Adams,101-484-89,ok,
Alamosa County Commissioner - District 1,2,1,Alamosa,102-260-42,ok,
Alamosa County Commissioner - District 1,3,1,Alamosa,102-185-36,ok,
Alamosa County Commissioner - District 1,5,1,Alamosa,102-221-2,ok,
Alamosa County Commissioner - District 1,6,1,Alamosa,102-158-26,ok,
Alamosa County Commissioner - District 1,8,1,Alamosa,102-275-36,ok,
Alamosa County Commissioner - District 1,9,1,Alamosa,102-248-28,ok,
Alamosa County Commissioner - District 1,12,1,Alamosa,102-11-38,ok,
Alamosa County Commissioner - District 1,15,1,Alamosa,102-49-22,ok,
Alamosa County Commissioner - District 1,16,1,Alamosa,102-135-40,ok,
Alamosa County Commissioner - District 1,19,1,Alamosa,102-63-14,ok,
Alamosa County Commissioner - District 1,21,1,Alamosa,102-268-12,ok,
Alamosa County Commissioner - District 1,22,1,Alamosa,102-32-4,ok,
Alamosa County Commissioner - District 1,23,1,Alamosa,102-143-42,ok,
Alamosa County Commissioner - District 1,27,1,Alamosa,102-293-46,ok,
Alamosa County Commissioner - District 1,32,1,Alamosa,102-183-22,ok,
Alamosa County Commissioner - District 1,34,1,Alamosa,102-278-6,ok,
Alamosa County Commissioner - District 1,35,1,Alamosa,102-197-6,ok,
Alamosa County Commissioner - District 1,36,1,Alamosa,102-121-18,ok,
Alamosa County Commissioner - District 1,40,1,Alamosa,102-125-32,ok,
Alamosa County Commissioner - District 1,41,1,Alamosa,102-187-14,ok,
Alamosa County Commissioner - District 1,42,1,Alamosa,102-265-8,ok,
Alamosa County Commissioner - District 1,44,1,Alamosa,102-151-46,ok,
Alamosa County Commissioner - District 1,47,1,Alamosa,102-116-30,ok,
Alamosa County Commissioner - District 1,49,1,Alamosa,102-38-10,ok,
Alamosa County Commissioner - District 1,50,1,Alamosa,102-130-18,ok,
Alamosa County Commissioner - District 1,52,1,Alamosa,102-284-30,ok,
Alamosa County Commissioner - District 1,53,1,Alamosa,102-112-22,ok,
Alamosa County Commissioner - District 1,55,1,Alamosa,102-183-10,ok,
Alamosa County Commissioner - District 1,57,1,Alamosa,102-44-2,ok,
Alamosa County Commissioner - District 1,62,1,Alamosa,102-136-18,ok,
Alamosa County Commissioner - District 1,63,1,Alamosa,102-247-28,ok,
Alamosa County Commissioner - District 1,64,1,Alamosa,102-277-24,ok,
Alamosa County Commissioner - District 1,65,1,Alamosa,102-134-28,ok,
City of Colorado Springs Ballot Question 300,1,1,El Paso,201-321-52,ok,
City of Colorado Springs Ballot Question 300,2,1,El Paso,301-141-50,ok,
City of Colorado Springs Ballot Question 300,4,1,El Paso,201-696-46,ok,
City of Colorado Springs Ballot Question 300,7,1,El Paso,601-518-65,ok,
City of Colorado Springs Ballot Question 300,10,1,El Paso,701-60-37,ok,
City of Colorado Springs Ballot Question 300,22,1,El Paso,701-388-75,ok,
City of Colorado Springs Ballot Question 300,23,1,El Paso,701-396-40,ok,
City of Colorado Springs Ballot Question 300,24,1,El Paso,301-129-70,ok,
City of Colorado Springs Ballot Question 300,27,1,El Paso,701-28-63,ok,
City of Colorado Springs Ballot Question 300,29,1,El Paso,401-98-70,ok,
City of Colorado Springs Ballot Question 300,30,1,El Paso,401-104-59,ok,
City of Colorado Springs Ballot Question 300,34,1,El Paso,301-2-94,ok,
City of Colorado Springs Ballot Question 300,40,1,El Paso,701-333-27,ok,
City of Colorado Springs Ballot Question 300,44,1,El Paso,601-232-63,ok,
City of Colorado Springs Ballot Question 300,47,1,El Paso,201-46-61,ok,
City of Colorado Springs Ballot Question 300,48,1,El Paso,601-255-87,ok,
City of Colorado Springs Ballot Question 300,50,1,El Paso,201-620-89,ok,
City of Colorado Springs Ballot Question 300,51,1,El Paso,702-66-48,ok,
City of Colorado Springs Ballot Question 300,55,1,El Paso,401-567-24,ok,
City of Colorado Springs Ballot Question 300,58,1,El Paso,701-596-57,ok,
City of Colorado Springs Ballot Question 300,60,1,El Paso,401-210-66,ok,
City of Colorado Springs Ballot Question 300,61,1,El Paso,702-26-69,ok,
City of Colorado Springs Ballot Question 300,63,1,El Paso,301-578-18,ok,
City of Colorado Springs Ballot Question 300,64,1,El Paso,701-401-11,ok,
City of Colorado Springs Ballot Question 300,65,1,El Paso,401-225-71,ok,
City of Colorado Springs Ballot Question 300,66,1,El Paso,201-723-86,ok,
City of Colorado Springs Ballot Question 300,68,1,El Paso,301-457-70,ok,
City of Colorado Springs Ballot Question 300,69,1,El Paso,201-32-7,ok,
City of Colorado Springs Ballot Question 300,70,1,El Paso,501-198-66,ok,
City of Colorado Springs Ballot Question 300,72,1,El Paso,201-305-74,ok,
City of Colorado Springs Ballot Question 300,74,1,El Paso,601-295-56,ok,
City of Colorado Springs Ballot Question 300,75,1,El Paso,602-84-34,ok,
City of Colorado Springs Ballot Question 300,80,1,El Paso,601-154-65,ok,
City of Colorado Springs Ballot Question 300,82,1,El Paso,501-38-79,ok,
City of Colorado Springs Ballot Question 300,84,1,El Paso,401-332-47,ok,
City of Colorado Springs Ballot Question 300,88,1,El Paso,601-155-17,ok,
City of Colorado Springs Ballot Question 300,89,1,El Paso,702-77-3,ok,
City of Colorado Springs Ballot Question 300,90,1,El Paso,301-209-31,ok,
City of Colorado Springs Ballot Question 300,100,1,El Paso,701-394-51,ok,
City of Colorado Springs Ballot Question 300,116,1,El Paso,602-77-130,ok,
City of Colorado Springs Ballot Question 300,121,1,El Paso,301-83-44,ok,
City of Colorado Springs Ballot Question 300,127,1,El Paso,601-489-70,ok,
City of Colorado Springs Ballot Question 300,128,1,El Paso,401-263-1,ok,
City of Craig Ballot Question 2A,1,1,Moffat,102-35-6,ok,
City of Craig Ballot Question 2A,2,1,Moffat,102-28-10,ok,
City of Craig Ballot Question 2A,3,1,Moffat,102-115-3,ok,
City of Craig Ballot Question 2A,4,1,Moffat,102-203-18,ok,
City of Craig Ballot Question 2A,8,1,Moffat,102-212-21,ok,
City of Craig Ballot Question 2A,14,1,Moffat,102-199-3,ok,
City of Craig Ballot Question 2A,15,1,Moffat,102-140-7,ok,
City of Craig Ballot Question 2A,16,1,Moffat,102-52-10,ok,
City of Craig Ballot Question 2A,20,1,Moffat,102-148-16,ok,
City of Craig Ballot Question 2A,22,1,Moffat,102-89-11,ok,
City of Craig Ballot Question 2A,23,1,Moffat,102-59-2,ok,
City of Craig Ballot Question 2A,27,1,Moffat,102-4-24,ok,
City of Craig Ballot Question 2A,30,1,Moffat,102-256-11,ok,
City of Craig Ballot Question 2A,31,1,Moffat,102-180-16,ok,
City of Craig Ballot Question 2A,32,1,Moffat,102-35-8,ok,
City of Craig Ballot Question 2A,34,1,Moffat,102-288-2,ok,
City of Craig Ballot Question 2A,38,1,Moffat,102-117-9,ok,
City of Craig Ballot Question 2A,44,1,Moffat,102-285-22,ok,
City of Craig Ballot Question 2A,45,1,Moffat,102-56-18,ok,
City of Craig Ballot Question 2A,46,1,Moffat,102-303-4,ok,
City of Fort Morgan Ballot Question 2A,1,1,Morgan,102-46-47,ok,
City of Fort Morgan Ballot Question 2A,2,1,Morgan,102-86-21,ok,
City of Fort Morgan Ballot Question 2A,3,1,Morgan,102-162-20,ok,
City of Fort Morgan Ballot Question 2A,4,1,Morgan,102-290-4,ok,
City of Fort Morgan Ballot Question 2A,5,1,Morgan,102-127-44,ok,
City of Fort Morgan Ballot Question 2A,7,1,Morgan,102-227-7,ok,
City of Fort Morgan Ballot Question 2A,8,1,Morgan,102-18-27,ok,
City of Fort Morgan Ballot Question 2A,10,1,Morgan,102-107-21,ok,
City of Fort Morgan Ballot Question 2A,11,1,Morgan,102-263-21,ok,
City of Fort Morgan Ballot Question 2A,13,1,Morgan,102-280-41,ok,
City of Fort Morgan Ballot Question 2A,14,1,Morgan,102-161-38,ok,
City of Fort Morgan Ballot Question 2A,16,1,Morgan,102-95-27,ok,
City of Fort Morgan Ballot Question 2A,18,1,Morgan,102-127-2,ok,
City of Fort Morgan Ballot Question 2A,19,1,Morgan,102-194-8,ok,
City of Fort Morgan Ballot Question 2A,20,1,Morgan,102-91-2,ok,
City of Fort Morgan Ballot Question 2A,21,1,Morgan,102-57-48,ok,
City of Fort Morgan Ballot Question 2A,23,1,Morgan,102-281-36,ok,
City of Fort Morgan Ballot Question 2A,24,1,Morgan,102-164-16,ok,
City of Fort Morgan Ballot Question 2A,27,1,Morgan,102-17-11,ok,
City of Fort Morgan Ballot Question 2A,28,1,Morgan,102-162-32,ok,
City of Fort Morgan Ballot Question 2A,36,1,Morgan,102-270-49,ok,
City of Fort Morgan Ballot Question 2A,37,1,Morgan,102-148-28,ok,
City of Fort Morgan Ballot Question 2A,38,1,Morgan,102-114-37,ok,
City of Holyoke Mayor,1,1,Phillips,102-56-16,ok,
City of Holyoke Mayor,2,1,Phillips,102-43-4,ok,
City of Holyoke Mayor,5,1,Phillips,102-32-1,ok,
City of Holyoke Mayor,6,1,Phillips,102-47-4,ok,
City of Holyoke Mayor,8,1,Phillips,102-46-17,ok,
City of Holyoke Mayor,9,1,Phillips,102-8-11,ok,
City of Holyoke Mayor,13,1,Phillips,102-41-1,ok,
City of Holyoke Mayor,15,1,Phillips,102-78-24,ok,
City of Holyoke Mayor,17,1,Phillips,102-94-9,ok,
City of Holyoke Mayor,19,1,Phillips,102-16-1,ok,
City of Holyoke Mayor,21,1,Phillips,102-3-16,ok,
City of Holyoke Mayor,22,1,Phillips,102-32-25,ok,
City of Holyoke Mayor,24,1,Phillips,102-7-23,ok,
City of Holyoke Mayor,26,1,Phillips,102-35-15,ok,
City of Holyoke Mayor,28,1,Phillips,102-40-18,ok,
City of Holyoke Mayor,29,1,Phillips,102-50-2,ok,
City of Holyoke Mayor,30,1,Phillips,102-27-9,ok,
City of Holyoke Mayor,32,1,Phillips,102-31-18,ok,
City of Holyoke Mayor,33,1,Phillips,102-82-15,ok,
City of Holyoke Mayor,34,1,Phillips,102-39-8,ok,
City of Holyoke Mayor,36,1,Phillips,102-13-22,ok,
City of Holyoke Mayor,40,1,Phillips,102-24-23,ok,
City of Holyoke Mayor,42,1,Phillips,102-17-22,ok,
City of Holyoke Mayor,43,1,Phillips,102-54-16,ok,
City of Holyoke Mayor,44,1,Phillips,102-79-3,ok,
City of Holyoke Mayor,45,1,Phillips,102-82-3,ok,
City of Holyoke Mayor,46,1,Phillips,102-40-12,ok,
City of Holyoke Mayor,48,1,Phillips,102-41-9,ok,
City of Holyoke Mayor,49,1,Phillips,102-51-16,ok,
City of Holyoke Mayor,50,1,Phillips,102-76-24,ok,
City of Holyoke Mayor,51,1,Phillips,102-47-19,ok,
City of Holyoke Mayor,53,1,Phillips,102-81-11,ok,
City of Holyoke Mayor,54,1,Phillips,102-75-22,ok,
City of Holyoke Mayor,57,1,Phillips,102-75-21,ok,
City of Holyoke Mayor,59,1,Phillips,102-87-22,ok,
City of Holyoke Mayor,60,1,Phillips,102-79-12,ok,
City of Holyoke Mayor,64,1,Phillips,102-9-8,ok,
City of Holyoke Mayor,66,1,Phillips,102-28-1,ok,
City of Holyoke Mayor,67,1,Phillips,102-56-2,ok,
City of Holyoke Mayor,68,1,Phillips,102-28-17,ok,
Denver Ballot Issue 2Q,1,1,Denver,106-750-72,ok,
Denver Ballot Issue 2Q,6,1,Denver,113-552-75,ok,
Denver Ballot Issue 2Q,7,1,Denver,101-479-3,ok,
Denver Ballot Issue 2Q,8,1,Denver,102-725-79,ok,
Denver Ballot Issue 2Q,9,1,Denver,101-731-11,ok,
Denver Ballot Issue 2Q,12,1,Denver,108-718-17,ok,
Denver Ballot Issue 2Q,13,1,Denver,111-72-63,ok,
Denver Ballot Issue 2Q,15,1,Denver,101-130-9,ok,
Denver Ballot Issue 2Q,16,1,Denver,103-562-56,ok,
Denver Ballot Issue 2Q,17,1,Denver,101-748-15,ok,
Denver Ballot Issue 2Q,19,1,Denver,113-361-89,ok,
Denver Ballot Issue 2Q,23,1,Denver,102-375-27,ok,
Denver Ballot Issue 2Q,24,1,Denver,110-132-59,ok,
Denver Ballot Issue 2Q,25,1,Denver,104-288-50,ok,
Denver Ballot Issue 2Q,26,1,Denver,109-637-69,ok,
Denver Ballot Issue 2Q,27,1,Denver,112-185-16,ok,
Denver Ballot Issue 2Q,28,1,Denver,110-472-25,ok,
Denver Ballot Issue 2Q,30,1,Denver,102-255-84,ok,
Denver Ballot Issue 2Q,33,1,Denver,105-37-6,ok,
Denver Ballot Issue 2Q,34,1,Denver,108-217-13,ok,
Denver Ballot Issue 2Q,36,1,Denver,113-81-86,ok,
Denver Ballot Issue 2Q,37,1,Denver,103-663-13,ok,
Denver Ballot Issue 2Q,38,1,Denver,104-402-68,ok,
Denver Ballot Issue 2Q,39,1,Denver,104-551-12,ok,
Denver Ballot Issue 2Q,41,1,Denver,107-5-49,ok,
Denver Ballot Issue 2Q,43,1,Denver,102-609-35,ok,
Denver Ballot Issue 2Q,45,1,Denver,102-687-45,ok,
Denver Ballot Issue 2Q,47,1,Denver,101-814-65,ok,
Denver Ballot Issue 2Q,48,1,Denver,108-577-52,ok,
Denver Ballot Issue 2Q,49,1,Denver,106-297-86,ok,
Denver Ballot Issue 2Q,50,1,Denver,108-121-1,ok,
Denver Ballot Issue 2Q,51,1,Denver,103-1094-16,ok,
Denver Ballot Issue 2Q,55,1,Denver,108-191-43,ok,
Denver Ballot Issue 2Q,58,1,Denver,113-546-32,ok,
Denver Ballot Issue 2Q,59,1,Denver,101-592-151,ok,
Denver Ballot Issue 2Q,61,1,Denver,113-201-57,ok,
Denver Ballot Issue 2Q,64,1,Denver,108-704-62,ok,
Denver Ballot Issue 2Q,65,1,Denver,103-278-95,ok,
Denver Ballot Issue 2Q,67,1,Denver,107-763-37,ok,
Denver Ballot Issue 2Q,68,1,Denver,113-408-75,ok,
Denver Ballot Issue 2Q,69,1,Denver,103-848-84,ok,
Denver Ballot Issue 2Q,70,1,Denver,101-140-100,ok,
Denver Ballot Issue 2Q,73,1,Denver,120-75-47,ok,
Denver Ballot Issue 2Q,74,1,Denver,107-496-10,ok,
Denver Ballot Issue 2Q,76,1,Denver,107-837-42,ok,
Denver Ballot Issue 2Q,77,1,Denver,113-135-97,ok,
Denver Ballot Issue 2Q,78,1,Denver,101-129-67,ok,
Denver Ballot Issue 2Q,79,1,Denver,106-332-90,ok,
Denver Ballot Issue 2Q,80,1,Denver,113-535-24,ok,
Denver Ballot Issue 2Q,81,1,Denver,111-166-73,ok,
Denver Ballot Issue 2Q,82,1,Denver,101-292-32,ok,
Denver Ballot Issue 2Q,83,1,Denver,108-174-16,ok,
Denver Ballot Issue 2Q,84,1,Denver,101-654-63,ok,
Denver Ballot Issue 2Q,85,1,Denver,103-1020-43,ok,
Denver Ballot Issue 2Q,86,1,Denver,106-203-5,ok,
Denver Ballot Issue 2Q,87,1,Denver,103-26-96,ok,
Denver Ballot Issue 2Q,88,1,Denver,110-452-79,ok,
Denver Ballot Issue 2Q,90,1,Denver,121-625-95,ok,
Denver Ballot Issue 2Q,91,1,Denver,102-134-49,ok,
Denver Ballot Issue 2Q,92,1,Denver,107-587-75,ok,
Denver Ballot Issue 2Q,93,1,Denver,110-255-34,ok,
Denver Ballot Issue 2Q,94,1,Denver,108-436-42,ok,
Denver Ballot Issue 2Q,96,1,Denver,110-344-61,ok,
Denver Ballot Issue 2Q,97,1,Denver,104-810-79,ok,
Denver Ballot Issue 2Q,98,1,Denver,109-597-11,ok,
Denver Ballot Issue 2Q,101,1,Denver,121-738-60,ok,
Denver Ballot Issue 2Q,102,1,Denver,109-457-88,ok,
Denver Ballot Issue 2Q,104,1,Denver,106-92-93,ok,
Denver Ballot Issue 2Q,105,1,Denver,104-92-3,ok,
Denver Ballot Issue 2Q,106,1,Denver,110-332-54,ok,
Denver Ballot Issue 2Q,107,1,Denver,121-359-26,ok,
Denver Ballot Issue 2Q,109,1,Denver,104-149-89,ok,
Denver Ballot Issue 2Q,110,1,Denver,101-103-53,ok,
Denver Ballot Issue 2Q,112,1,Denver,104-234-65,ok,
Denver Ballot Issue 2Q,113,1,Denver,108-585-36,ok,
Denver Ballot Issue 2Q,115,1,Denver,104-313-9,ok,
Denver Ballot Issue 2Q,117,1,Denver,111-202-67,ok,
Denver Ballot Issue 2Q,118,1,Denver,121-498-57,ok,
Denver Ballot Issue 2Q,119,1,Denver,103-373-99,ok,
Denver Ballot Issue 2Q,125,1,Denver,103-659-79,ok,
Denver Ballot Issue 2Q,127,1,Denver,107-412-48,ok,
Denver Ballot Issue 2Q,128,1,Denver,106-160-17,ok,
Denver Ballot Issue 2Q,130,1,Denver,104-174-49,ok,
Denver Ballot Issue 2Q,132,1,Denver,110-294-15,ok,
Denver Ballot Issue 2Q,133,1,Denver,102-677-41,ok,
Denver Ballot Issue 2Q,135,1,Denver,104-515-88,ok,
Denver Ballot Issue 2Q,137,1,Denver,107-384-69,ok,
Denver Ballot Issue 2Q,138,1,Denver,103-330-80,ok,
Denver Ballot Issue 2Q,139,1,Denver,108-346-98,ok,
Denver Ballot Issue 2Q,141,1,Denver,120-84-16,ok,
Denver Ballot Issue 2Q,142,1,Denver,106-221-66,ok,
Denver Ballot Issue 2Q,144,1,Denver,106-672-35,ok,
Denver Ballot Issue 2Q,146,1,Denver,108-535-21,ok,
Denver Ballot Issue 2Q,147,1,Denver,103-808-43,ok,
Denver Ballot Issue 2Q,148,1,Denver,106-11-77,ok,
Denver Ballot Issue 2Q,149,1,Denver,114-122-40,ok,
Denver Ballot Issue 2Q,151,1,Denver,101-848-46,ok,
Denver Ballot Issue 2Q,152,1,Denver,101-813-45,ok,
Denver Ballot Issue 2Q,154,1,Denver,112-171-42,ok,
Denver Ballot Issue 2Q,155,1,Denver,112-399-47,ok,
Denver Ballot Issue 2Q,157,1,Denver,108-514-26,ok,
Denver Ballot Issue 2Q,158,1,Denver,108-468-29,ok,
Denver Ballot Issue 2Q,159,1,Denver,112-482-19,ok,
Denver Ballot Issue 2Q,160,1,Denver,121-960-5,ok,
Denver Ballot Issue 2Q,161,1,Denver,111-80-59,ok,
Denver Ballot Issue 2Q,162,1,Denver,104-656-30,ok,
Denver Ballot Issue 2Q,163,1,Denver,104-471-35,ok,
Denver Ballot Issue 2Q,164,1,Denver,108-585-12,ok,
Denver Ballot Issue 2Q,165,1,Denver,105-442-59,ok,
Denver Ballot Issue 2Q,167,1,Denver,109-23-25,ok,
Denver Ballot Issue 2Q,168,1,Denver,107-712-67,ok,
Denver Ballot Issue 2Q,169,1,Denver,121-9-69,ok,
Denver Ballot Issue 2Q,170,1,Denver,101-413-93,ok,
Denver Ballot Issue 2Q,171,1,Denver,107-65-69,ok,
Denver Ballot Issue 2Q,172,1,Denver,102-67-40,ok,
Denver Ballot Issue 2Q,177,1,Denver,102-677-44,ok,
Denver Ballot Issue 2Q,182,1,Denver,110-533-24,ok,
Denver Ballot Issue 2Q,183,1,Denver,103-538-45,ok,
Denver Ballot Issue 2Q,186,1,Denver,106-529-10,ok,
Denver Ballot Issue 2Q,187,1,Denver,121-96-69,ok,
Denver Ballot Issue 2Q,188,1,Denver,112-127-59,ok,
Denver Ballot Issue 2Q,189,1,Denver,108-272-86,ok,
Denver Ballot Issue 2Q,190,1,Denver,103-812-39,ok,
Denver Ballot Issue 2Q,191,1,Denver,109-267-16,ok,
Denver Ballot Issue 2Q,192,1,Denver,111-192-100,ok,
Denver Ballot Issue 2Q,195,1,Denver,104-444-36,ok,
Denver Ballot Issue 2Q,196,1,Denver,103-985-37,ok,
Denver Ballot Issue 2Q,197,1,Denver,105-262-80,ok,
Denver Ballot Issue 2Q,198,1,Denver,103-326-83,ok,
Denver Ballot Issue 2Q,200,1,Denver,105-271-96,ok,
Denver Ballot Issue 2Q,202,1,Denver,103-983-93,ok,
Denver Ballot Issue 2Q,203,1,Denver,103-248-72,ok,
Denver Ballot Issue 2Q,205,1,Denver,103-798-95,ok,
Denver Ballot Issue 2Q,206,1,Denver,101-285-76,ok,
Denver Ballot Issue 2Q,207,1,Denver,109-640-12,ok,
Denver Ballot Issue 2Q,208,1,Denver,101-116-86,ok,
Denver Ballot Issue 2Q,209,1,Denver,114-4-54,ok,
Denver Ballot Issue 2Q,210,1,Denver,103-22-81,ok,
Denver Ballot Issue 2Q,211,1,Denver,102-42-50,ok,
District Court Judge - 19th Judicial District - Crowther,62,1,Weld,105-96-32,ok,
Dove Creek Ambulance District Ballot Issue 6A,8,1,Dolores,102-41-6,ok,
Dove Creek Ambulance District Ballot Issue 6A,11,1,Dolores,102-27-1,ok,
Dove Creek Ambulance District Ballot Issue 6A,22,1,Dolores,102-41-6,ok,
Dove Creek Ambulance District Ballot Issue 6A,23,1,Dolores,102-48-12,ok,
Dove Creek Ambulance District Ballot Issue 6A,27,1,Dolores,102-58-26,ok,
Dove Creek Ambulance District Ballot Issue 6A,28,1,Dolores,102-17-7,ok,
Dove Creek Ambulance District Ballot Issue 6A,40,1,Dolores,102-25-15,ok,
Dove Creek Ambulance District Ballot Issue 6A,41,1,Dolores,102-10-18,ok,
Dove Creek Ambulance District Ballot Issue 6A,45,1,Dolores,102-27-23,ok,
Dove Creek Ambulance District Ballot Issue 6A,47,1,Dolores,102-6-24,ok,
Dove Creek Ambulance District Ballot Issue 6A,54,1,Dolores,102-21-8,ok,
Dove Creek Ambulance District Ballot Issue 6A,75,2,Dolores,102-22-15,ok,
Dove Creek Ambulance District Ballot Issue 6A,84,2,Dolores,102-28-20,ok,
Dove Creek Ambulance District Ballot Issue 6A,86,2,Dolores,102-9-24,ok,
Dove Creek Ambulance District Ballot Issue 6A,88,2,Dolores,102-22-19,ok,
Dove Creek Ambulance District Ballot Issue 6A,89,2,Dolores,102-17-12,ok,
Dove Creek Ambulance District Ballot Issue 6A,90,2,Dolores,102-25-23,ok,
Dove Creek Ambulance District Ballot Issue 6A,96,2,Dolores,102-25-15,ok,
Dove Creek Ambulance District Ballot Issue 6A,97,2,Dolores,102-22-9,ok,
Dove Creek Ambulance District Ballot Issue 6A,99,2,Dolores,102-58-12,ok,
Dove Creek Ambulance District Ballot Issue 6A,101,2,Dolores,102-23-5,ok,
Dove Creek Ambulance District Ballot Issue 6A,110,3,Dolores,102-22-4,ok,
Dove Creek Ambulance District Ballot Issue 6A,118,3,Dolores,102-41-6,ok,
Dove Creek Ambulance District Ballot Issue 6A,122,3,Dolores,102-10-13,ok,
Dove Creek Ambulance District Ballot Issue 6A,125,3,Dolores,102-52-10,ok,
Dove Creek Ambulance District Ballot Issue 6A,128,3,Dolores,102-17-9,ok,
Dove Creek Ambulance District Ballot Issue 6A,133,3,Dolores,102-2-17,ok,
Dove Creek Ambulance District Ballot Issue 6A,138,3,Dolores,102-1-23,ok,
Dove Creek Ambulance District Ballot Issue 6A,141,3,Dolores,102-17-6,ok,
Dove Creek Ambulance District Ballot Issue 6A,144,3,Dolores,102-2-24,ok,
Dove Creek Ambulance District Ballot Issue 6A,150,3,Dolores,102-54-11,ok,
Dove Creek Ambulance District Ballot Issue 6A,154,3,Dolores,102-1-21,ok,
Eagle County Commissioner - District 1,1,1,Eagle,101-1057-6,ok,
Fremont County Board of County Commissioners - District 3,15,1,Fremont,102-1038-7,ok,
Jefferson County Commissioner - District 2,65,1,Jefferson,101-152-17,ok,
Larimer County Clerk and Recorder,4,1,Larimer,111-263-4,ok,
Larimer County Clerk and Recorder,5,1,Larimer,110-31-162,ok,
Larimer County Clerk and Recorder,7,1,Larimer,108-52-157,ok,
Larimer County Clerk and Recorder,8,1,Larimer,103-60-2,ok,
Larimer County Clerk and Recorder,9,1,Larimer,105-103-134,ok,
Larimer County Clerk and Recorder,10,1,Larimer,112-306-4,ok,
Larimer County Clerk and Recorder,17,1,Larimer,101-111-120,ok,
Larimer County Clerk and Recorder,19,1,Larimer,103-140-105,ok,
Larimer County Clerk and Recorder,21,1,Larimer,105-153-161,ok,
Larimer County Clerk and Recorder,22,1,Larimer,111-21-82,ok,
Larimer County Clerk and Recorder,27,1,Larimer,105-142-14,ok,
Larimer County Clerk and Recorder,28,1,Larimer,112-65-193,ok,
Larimer County Clerk and Recorder,29,1,Larimer,109-166-127,ok,
Larimer County Clerk and Recorder,30,1,Larimer,112-132-132,ok,
Larimer County Clerk and Recorder,32,1,Larimer,108-76-155,ok,
Larimer County Clerk and Recorder,33,1,Larimer,111-75-142,ok,
Larimer County Clerk and Recorder,35,1,Larimer,107-97-143,ok,
Larimer County Clerk and Recorder,36,1,Larimer,110-45-162,ok,
Larimer County Clerk and Recorder,37,1,Larimer,101-234-150,ok,
Larimer County Clerk and Recorder,39,1,Larimer,101-55-27,ok,
Larimer County Clerk and Recorder,40,1,Larimer,106-93-12,ok,
Larimer County Clerk and Recorder,41,1,Larimer,108-13-162,ok,
Larimer County Clerk and Recorder,42,1,Larimer,112-67-189,ok,
Larimer County Clerk and Recorder,43,1,Larimer,109-158-137,ok,
Larimer County Clerk and Recorder,50,1,Larimer,106-137-26,ok,
Larimer County Clerk and Recorder,52,1,Larimer,110-34-177,ok,
Larimer County Clerk and Recorder,53,1,Larimer,108-121-102,ok,
Larimer County Clerk and Recorder,55,1,Larimer,104-200-169,ok,
Larimer County Clerk and Recorder,59,1,Larimer,105-55-190,ok,
Larimer County Clerk and Recorder,62,1,Larimer,106-27-154,ok,
Larimer County Clerk and Recorder,63,1,Larimer,106-102-156,ok,
Larimer County Clerk and Recorder,65,1,Larimer,101-162-79,ok,
Larimer County Clerk and Recorder,66,1,Larimer,102-241-171,ok,
Larimer County Clerk and Recorder,67,1,Larimer,106-35-38,ok,
Larimer County Clerk and Recorder,69,1,Larimer,106-77-122,ok,
Larimer County Clerk and Recorder,70,1,Larimer,101-49-65,ok,
Larimer County Clerk and Recorder,73,1,Larimer,109-94-186,ok,
Larimer County Clerk and Recorder,74,1,Larimer,106-5-169,ok,
Larimer County Clerk and Recorder,76,1,Larimer,105-24-165,ok,
Larimer County Clerk and Recorder,78,1,Larimer,110-222-44,ok,
Larimer County Clerk and Recorder,84,1,Larimer,112-107-107,ok,
Larimer County Clerk and Recorder,87,1,Larimer,112-298-108,ok,
Larimer County Clerk and Recorder,88,1,Larimer,112-251-179,ok,
Larimer County Clerk and Recorder,90,1,Larimer,101-178-150,ok,
Larimer County Clerk and Recorder,92,1,Larimer,105-171-166,ok,
Larimer County Clerk and Recorder,96,1,Larimer,101-149-103,ok,
Larimer County Clerk and Recorder,97,1,Larimer,107-23-98,ok,
Larimer County Clerk and Recorder,98,1,Larimer,103-139-198,ok,
Larimer County Clerk and Recorder,100,1,Larimer,101-8-152,ok,
Larimer County Clerk and Recorder,101,1,Larimer,111-144-144,ok,
Larimer County Clerk and Recorder,102,1,Larimer,104-152-106,ok,
Park County Commissioner District 1,10,1,Park,102-328-15,ok,
Park County Commissioner District 1,16,1,Park,102-328-22,ok,
Park County Commissioner District 1,17,1,Park,102-267-26,ok,
Park County Commissioner District 1,42,1,Park,102-519-10,ok,
Park County Commissioner District 1,48,1,Park,102-369-21,ok,
Proposition 130 (STATUTORY) - Kit Carson,10,1,Kit Carson,101-155-14,ok,
Proposition 130 (STATUTORY) - Kit Carson,14,1,Kit Carson,101-80-6,ok,
Proposition 130 (STATUTORY) - Kit Carson,87,1,Kit Carson,101-80-16,ok,
Pueblo County Commissioner - District 2,1,1,Pueblo,105-301-89,ok,
Pueblo County Commissioner - District 2,2,1,Pueblo,111-295-96,ok,
Pueblo County Commissioner - District 2,3,1,Pueblo,111-394-28,ok,
Pueblo County Commissioner - District 2,4,1,Pueblo,105-72-13,ok,
Pueblo County Commissioner - District 2,8,1,Pueblo,111-283-92,ok,
Pueblo County Commissioner - District 2,12,1,Pueblo,102-229-12,ok,
Pueblo County Commissioner - District 2,13,1,Pueblo,105-68-4,ok,
Pueblo County Commissioner - District 2,14,1,Pueblo,104-137-80,ok,
Pueblo County Commissioner - District 2,15,1,Pueblo,111-257-88,ok,
Pueblo County Commissioner - District 2,16,1,Pueblo,105-554-42,ok,
Pueblo County Commissioner - District 2,17,1,Pueblo,105-338-18,ok,
Pueblo County Commissioner - District 2,24,1,Pueblo,111-438-42,ok,
Pueblo County Commissioner - District 2,25,1,Pueblo,111-155-79,ok,
Pueblo County Commissioner - District 2,26,1,Pueblo,105-509-50,ok,
Pueblo County Commissioner - District 2,28,1,Pueblo,105-54-44,ok,
Pueblo County Commissioner - District 2,32,1,Pueblo,105-102-81,ok,
Pueblo County Commissioner - District 2,33,1,Pueblo,105-187-60,ok,
Pueblo County Commissioner - District 2,37,1,Pueblo,111-187-80,ok,
Pueblo County Commissioner - District 2,40,1,Pueblo,111-296-88,ok,
Pueblo County Commissioner - District 2,43,1,Pueblo,102-135-98,ok,
Pueblo County Commissioner - District 2,45,1,Pueblo,102-284-86,ok,
Pueblo County Commissioner - District 2,46,1,Pueblo,102-319-56,ok,
Pueblo County Commissioner - District 2,47,1,Pueblo,102-651-6,ok,
Pueblo County Commissioner - District 2,50,1,Pueblo,111-376-42,ok,
Pueblo County Commissioner - District 2,51,1,Pueblo,105-321-42,ok,
Pueblo County Commissioner - District 2,52,1,Pueblo,102-178-88,ok,
Pueblo County Commissioner - District 2,53,1,Pueblo,102-217-57,ok,
Pueblo County Commissioner - District 2,54,1,Pueblo,111-200-65,ok,
Pueblo County Commissioner - District 2,55,1,Pueblo,105-258-8,ok,
Pueblo County Commissioner - District 2,58,1,Pueblo,104-66-68,ok,
Pueblo County Commissioner - District 2,61,1,Pueblo,105-144-94,ok,
Pueblo County Commissioner - District 2,62,1,Pueblo,102-125-82,ok,
Pueblo County Commissioner - District 2,67,1,Pueblo,105-487-24,ok,
Pueblo County Commissioner - District 2,70,1,Pueblo,111-341-50,ok,
Pueblo County Commissioner - District 2,72,1,Pueblo,102-358-12,ok,
Pueblo County Commissioner - District 2,76,1,Pueblo,111-35-80,ok,
Pueblo County Commissioner - District 2,78,1,Pueblo,104-21-26,ok,
Pueblo County Commissioner - District 2,79,1,Pueblo,105-148-15,ok,
Pueblo County Commissioner - District 2,81,1,Pueblo,102-537-16,ok,
Pueblo County Commissioner - District 2,82,1,Pueblo,102-120-72,ok,
Pueblo County Commissioner - District 2,84,1,Pueblo,102-422-14,ok,
Pueblo County Commissioner - District 2,86,1,Pueblo,111-449-96,ok,
Pueblo County Commissioner - District 2,87,1,Pueblo,111-343-38,ok,
Pueblo County Commissioner - District 2,89,1,Pueblo,105-361-86,ok,
Pueblo County Commissioner - District 2,91,1,Pueblo,102-290-48,ok,
Pueblo County Commissioner - District 2,92,1,Pueblo,102-99-38,ok,
Pueblo County Commissioner - District 2,93,1,Pueblo,111-213-66,ok,
Pueblo County Commissioner - District 2,99,1,Pueblo,105-183-48,ok,
Pueblo County Commissioner - District 2,101,1,Pueblo,102-517-52,ok,
Pueblo County Commissioner - District 2,102,1,Pueblo,111-254-78,ok,
Pueblo County Commissioner - District 2,105,1,Pueblo,102-563-26,ok,
Pueblo County Commissioner - District 2,108,1,Pueblo,104-93-72,ok,
Pueblo County Commissioner - District 2,112,1,Pueblo,105-158-86,ok,
Pueblo County Commissioner - District 2,113,1,Pueblo,102-300-72,ok,
Pueblo County Commissioner - District 2,114,1,Pueblo,105-520-34,ok,
Pueblo County Commissioner - District 2,115,1,Pueblo,105-559-84,ok,
Pueblo County Commissioner - District 2,116,1,Pueblo,104-70-74,ok,
Pueblo County Commissioner - District 2,117,1,Pueblo,111-287-30,ok,
Pueblo County Commissioner - District 2,121,1,Pueblo,111-74-15,ok,
Pueblo County Commissioner - District 2,124,1,Pueblo,104-32-68,ok,
Pueblo County Commissioner - District 2,125,1,Pueblo,105-488-56,ok,
Pueblo County Commissioner - District 2,126,1,Pueblo,102-90-48,ok,
Pueblo County Commissioner - District 2,128,1,Pueblo,105-25-80,ok,
Pueblo County Commissioner - District 2,129,1,Pueblo,104-22-88,ok,
Pueblo County Commissioner - District 2,133,1,Pueblo,105-48-46,ok,
Pueblo County Commissioner - District 2,134,1,Pueblo,102-218-22,ok,
Pueblo County Commissioner - District 2,137,1,Pueblo,111-397-26,ok,
Pueblo County Commissioner - District 2,139,1,Pueblo,105-13-90,ok,
Pueblo County Commissioner - District 2,141,1,Pueblo,105-585-12,ok,
Pueblo County Commissioner - District 2,144,1,Pueblo,102-315-94,ok,
Pueblo County Commissioner - District 2,145,1,Pueblo,104-24-70,ok,
Pueblo County Commissioner - District 2,148,1,Pueblo,111-164-76,ok,
Pueblo County Commissioner - District 2,149,1,Pueblo,105-260-48,ok,
Pueblo County Commissioner - District 2,150,1,Pueblo,111-259-90,ok,
Pueblo County Commissioner - District 2,151,1,Pueblo,105-182-50,ok,
Pueblo County Commissioner - District 2,153,1,Pueblo,102-244-22,ok,
Pueblo County Commissioner - District 2,158,1,Pueblo,105-322-92,ok,
Pueblo County Commissioner - District 2,160,1,Pueblo,102-220-46,ok,
Pueblo County Commissioner - District 2,161,1,Pueblo,102-121-68,ok,
Pueblo County Commissioner - District 2,162,1,Pueblo,105-40-87,ok,
Pueblo County Commissioner - District 2,163,1,Pueblo,105-414-28,ok,
Pueblo County Commissioner - District 2,164,1,Pueblo,111-225-35,ok,
Pueblo County Commissioner - District 2,165,1,Pueblo,104-125-78,ok,
Pueblo County Commissioner - District 2,167,1,Pueblo,111-386-52,ok,
Pueblo County Commissioner - District 2,168,1,Pueblo,105-2-63,ok,
Pueblo County Commissioner - District 2,169,1,Pueblo,111-413-95,ok,
Pueblo County Commissioner - District 2,170,1,Pueblo,105-3-58,ok,
Pueblo County Commissioner - District 2,172,1,Pueblo,102-140-24,ok,
Pueblo County Commissioner - District 2,175,1,Pueblo,105-293-12,ok,
Pueblo County Commissioner - District 2,176,1,Pueblo,102-484-26,ok,
Pueblo County Commissioner - District 2,177,1,Pueblo,105-283-50,ok,
Pueblo County Commissioner - District 2,179,1,Pueblo,104-11-10,ok,
Pueblo County Commissioner - District 2,180,1,Pueblo,105-35-13,ok,
Pueblo County Commissioner - District 2,184,1,Pueblo,111-453-12,ok,
Pueblo County Commissioner - District 2,185,1,Pueblo,105-42-68,ok,
Pueblo County Commissioner - District 2,187,1,Pueblo,105-449-6,ok,
Pueblo County Commissioner - District 2,190,1,Pueblo,104-102-72,ok,
Pueblo County Commissioner - District 2,191,1,Pueblo,102-293-14,ok,
Pueblo County Commissioner - District 2,192,1,Pueblo,102-271-96,ok,
Pueblo County Commissioner - District 2,193,1,Pueblo,105-24-44,ok,
Pueblo County Commissioner - District 2,197,1,Pueblo,111-123-84,ok,
Pueblo County Commissioner - District 2,198,1,Pueblo,105-184-16,ok,
Pueblo County Commissioner - District 2,199,1,Pueblo,102-594-42,ok,
Pueblo County Commissioner - District 2,203,1,Pueblo,102-194-75,ok,
Pueblo County Commissioner - District 2,206,1,Pueblo,111-365-71,ok,
Pueblo County Commissioner - District 2,208,1,Pueblo,102-103-4,ok,
Pueblo County Commissioner - District 2,210,1,Pueblo,111-50-89,ok,
Pueblo County Commissioner - District 2,214,1,Pueblo,102-579-59,ok,
Pueblo County Commissioner - District 2,217,1,Pueblo,105-21-70,ok,
Pueblo County Commissioner - District 2,218,1,Pueblo,104-81-6,ok,
Pueblo County Commissioner - District 2,221,1,Pueblo,105-379-60,ok,
Pueblo County Commissioner - District 2,223,1,Pueblo,111-43-41,ok,
Pueblo County Commissioner - District 2,225,1,Pueblo,104-15-26,ok,
Pueblo County Commissioner - District 2,227,1,Pueblo,111-198-24,ok,
Pueblo County Commissioner - District 2,228,1,Pueblo,102-401-63,ok,
Pueblo County Commissioner - District 2,229,1,Pueblo,111-364-8,ok,
Pueblo County Commissioner - District 2,230,1,Pueblo,105-374-79,ok,
Pueblo County Commissioner - District 2,232,1,Pueblo,105-83-2,ok,
Pueblo County Commissioner - District 2,233,1,Pueblo,105-266-86,ok,
Pueblo County Commissioner - District 2,234,1,Pueblo,111-193-68,ok,
Pueblo County Commissioner - District 2,235,1,Pueblo,105-9-53,ok,
Pueblo County Commissioner - District 2,236,1,Pueblo,102-641-82,ok,
Pueblo County Commissioner - District 2,237,1,Pueblo,105-269-58,ok,
Pueblo County Commissioner - District 2,239,1,Pueblo,105-229-90,ok,
Pueblo County Commissioner - District 2,240,1,Pueblo,102-612-10,ok,
Pueblo County Commissioner - District 2,242,1,Pueblo,111-29-86,ok,
Pueblo County Commissioner - District 2,243,1,Pueblo,102-85-22,ok,
Pueblo County Commissioner - District 2,244,1,Pueblo,111-289-82,ok,
Pueblo County Commissioner - District 2,246,1,Pueblo,105-588-14,ok,
Pueblo County Commissioner - District 2,251,1,Pueblo,102-206-6,ok,
Pueblo County Commissioner - District 2,252,1,Pueblo,102-224-2,ok,
Pueblo County Commissioner - District 2,253,1,Pueblo,111-55-1,ok,
Pueblo County Commissioner - District 2,256,1,Pueblo,105-58-36,ok,
Pueblo County Commissioner - District 2,257,1,Pueblo,102-510-14,ok,
Pueblo County Commissioner - District 2,258,1,Pueblo,102-383-88,ok,
Pueblo County Commissioner - District 2,262,1,Pueblo,102-307-68,ok,
Pueblo County Commissioner - District 2,264,1,Pueblo,102-222-2,ok,
Pueblo County Commissioner - District 2,266,1,Pueblo,105-382-49,ok,
Pueblo County Commissioner - District 2,268,1,Pueblo,111-376-14,ok,
Pueblo County Commissioner - District 2,270,1,Pueblo,105-227-46,ok,
Pueblo County Commissioner - District 2,272,1,Pueblo,105-428-38,ok,
Pueblo County Commissioner - District 2,273,1,Pueblo,105-515-26,ok,
Pueblo County Commissioner - District 2,277,1,Pueblo,111-282-91,ok,
Pueblo County Commissioner - District 2,280,1,Pueblo,102-474-76,ok,
Pueblo County Commissioner - District 2,283,1,Pueblo,102-659-32,ok,
Pueblo County Commissioner - District 2,284,1,Pueblo,105-551-41,ok,
Pueblo County Commissioner - District 2,288,1,Pueblo,102-454-96,ok,
Pueblo County Commissioner - District 2,291,1,Pueblo,104-7-57,ok,
Pueblo County Commissioner - District 2,295,1,Pueblo,102-557-26,ok,
Pueblo County Commissioner - District 2,296,1,Pueblo,105-516-40,ok,
Pueblo County Commissioner - District 2,297,1,Pueblo,105-133-10,ok,
Pueblo County Commissioner - District 2,299,1,Pueblo,111-193-54,ok,
Pueblo County Commissioner - District 2,301,1,Pueblo,102-236-68,ok,
Pueblo County Commissioner - District 2,303,1,Pueblo,102-452-48,ok,
Pueblo County Commissioner - District 2,308,1,Pueblo,105-182-58,ok,
Pueblo County Commissioner - District 2,309,1,Pueblo,111-414-78,ok,
Pueblo County Commissioner - District 2,310,1,Pueblo,105-168-40,ok,
Pueblo County Commissioner - District 2,311,1,Pueblo,105-190-2,ok,
Pueblo County Commissioner - District 2,312,1,Pueblo,111-31-71,ok,
Pueblo County Commissioner - District 2,313,1,Pueblo,104-13-76,ok,
Pueblo County Commissioner - District 2,315,1,Pueblo,111-27-38,ok,
Pueblo County Commissioner - District 2,318,1,Pueblo,102-651-20,ok,
Pueblo County Commissioner - District 2,320,1,Pueblo,102-80-38,ok,
Pueblo County Commissioner - District 2,323,1,Pueblo,105-527-80,ok,
Pueblo County Commissioner - District 2,324,1,Pueblo,105-483-76,ok,
Pueblo County Commissioner - District 2,330,1,Pueblo,102-37-10,ok,
Pueblo County Commissioner - District 2,332,1,Pueblo,105-489-36,ok,
Pueblo County Commissioner - District 2,338,1,Pueblo,108-32-12,ok,
Pueblo County Commissioner - District 2,345,1,Pueblo,102-250-34,ok,
Pueblo County Commissioner - District 2,346,1,Pueblo,102-214-50,ok,
Pueblo County Commissioner - District 2,347,1,Pueblo,102-391-68,ok,
Pueblo County Commissioner - District 2,348,1,Pueblo,102-598-66,ok,
Pueblo County Commissioner - District 2,349,1,Pueblo,102-376-42,ok,
Pueblo County Commissioner - District 2,350,1,Pueblo,105-537-66,ok,
Pueblo County Commissioner - District 2,355,1,Pueblo,102-163-30,ok,
Pueblo County Commissioner - District 2,356,1,Pueblo,102-476-81,ok,
Pueblo County Commissioner - District 2,357,1,Pueblo,102-582-82,ok,
Pueblo County Commissioner - District 2,358,1,Pueblo,105-602-88,ok,
Pueblo County Commissioner - District 2,360,1,Pueblo,105-410-85,ok,
Pueblo County Commissioner - District 2,363,1,Pueblo,105-207-2,ok,
Pueblo County Commissioner - District 2,364,1,Pueblo,105-233-50,ok,
Pueblo County Commissioner - District 2,368,1,Pueblo,105-20-88,ok,
Pueblo County Commissioner - District 2,369,1,Pueblo,104-122-54,ok,
Pueblo County Commissioner - District 2,370,1,Pueblo,111-316-86,ok,
Pueblo County Commissioner - District 2,372,1,Pueblo,102-151-46,ok,
Pueblo County Commissioner - District 2,373,1,Pueblo,105-300-14,ok,
Pueblo County Commissioner - District 2,375,1,Pueblo,111-450-12,ok,
Pueblo County Commissioner - District 2,377,1,Pueblo,102-79-68,ok,
Pueblo County Commissioner - District 2,379,1,Pueblo,111-336-49,ok,
Routt County Commissioner - District 1,1,1,Routt,102-326-46,ok,
Routt County Commissioner - District 1,2,1,Routt,102-182-37,ok,
Routt County Commissioner - District 1,5,1,Routt,102-355-14,ok,
Routt County Commissioner - District 1,7,1,Routt,102-155-37,ok,
Routt County Commissioner - District 1,10,1,Routt,102-4-43,ok,
Routt County Commissioner - District 1,11,1,Routt,102-468-24,ok,
Routt County Commissioner - District 1,12,1,Routt,102-113-22,ok,
Routt County Commissioner - District 1,13,1,Routt,102-153-26,ok,
Routt County Commissioner - District 1,14,1,Routt,102-350-42,ok,
Routt County Commissioner - District 1,15,1,Routt,102-521-30,ok,
Routt County Commissioner - District 1,19,1,Routt,102-496-6,ok,
Routt County Commissioner - District 1,20,1,Routt,102-211-47,ok,
Routt County Commissioner - District 1,21,1,Routt,102-200-30,ok,
Routt County Commissioner - District 1,23,1,Routt,102-645-13,ok,
Routt County Commissioner - District 1,24,1,Routt,102-162-15,ok,
Routt County Commissioner - District 1,29,1,Routt,102-343-4,ok,
Routt County Commissioner - District 1,31,1,Routt,102-344-40,ok,
Routt County Commissioner - District 1,34,1,Routt,102-674-38,ok,
Routt County Commissioner - District 1,35,1,Routt,102-402-6,ok,
Routt County Commissioner - District 1,36,1,Routt,102-459-10,ok,
Routt County Commissioner - District 1,37,1,Routt,102-10-22,ok,
Routt County Commissioner - District 1,38,1,Routt,102-16-12,ok,
Routt County Commissioner - District 1,39,1,Routt,102-276-38,ok,
Routt County Commissioner - District 1,41,1,Routt,102-409-1,ok,
Routt County Commissioner - District 1,42,1,Routt,102-574-46,ok,
Routt County Commissioner - District 1,44,1,Routt,102-589-12,ok,
Routt County Commissioner - District 1,45,1,Routt,102-475-34,ok,
Routt County Commissioner - District 1,47,1,Routt,102-570-16,ok,
Routt County Commissioner - District 1,48,1,Routt,102-543-26,ok,
Routt County Commissioner - District 1,50,1,Routt,102-67-46,ok,
Routt County Commissioner - District 1,52,1,Routt,102-474-7,ok,
Routt County Commissioner - District 1,53,1,Routt,102-465-1,ok,
Routt County Commissioner - District 1,63,1,Routt,102-667-36,ok,
Routt County Commissioner - District 1,71,1,Routt,102-437-14,ok,
Routt County Commissioner - District 1,76,1,Routt,102-98-24,ok,
Routt County Commissioner - District 1,77,1,Routt,102-325-8,ok,
Routt County Commissioner - District 1,79,1,Routt,102-630-47,ok,
Routt County Commissioner - District 1,80,1,Routt,102-641-37,ok,
Routt County Commissioner - District 1,81,1,Routt,102-557-23,ok,
Routt County Commissioner - District 1,82,1,Routt,102-228-30,ok,
Routt County Commissioner - District 1,83,1,Routt,102-206-36,ok,
Routt County Commissioner - District 1,84,1,Routt,102-630-25,ok,
Routt County Commissioner - District 1,85,1,Routt,102-52-22,ok,
Routt County Commissioner - District 1,88,1,Routt,102-632-2,ok,
Routt County Commissioner - District 1,89,1,Routt,102-608-33,ok,
Routt County Commissioner - District 1,93,1,Routt,102-651-2,ok,
Routt County Commissioner - District 1,94,1,Routt,102-585-44,ok,
Routt County Commissioner - District 1,95,1,Routt,102-364-14,ok,
Routt County Commissioner - District 1,98,1,Routt,102-115-2,ok,
Routt County Commissioner - District 1,100,1,Routt,102-164-49,ok,
Routt County Commissioner - District 1,101,1,Routt,102-387-42,ok,
Routt County Commissioner - District 1,102,1,Routt,102-214-24,ok,
Routt County Commissioner - District 1,104,1,Routt,102-342-4,ok,
Routt County Commissioner - District 1,106,1,Routt,102-639-40,ok,
Routt County Commissioner - District 1,107,1,Routt,102-653-16,ok,
Routt County Commissioner - District 1,110,1,Routt,102-362-38,ok,
Routt County Commissioner - District 1,113,1,Routt,102-36-24,ok,
Routt County Commissioner - District 1,114,1,Routt,102-63-22,ok,
Routt County Commissioner - District 1,115,1,Routt,102-372-23,ok,
Routt County Commissioner - District 1,116,1,Routt,102-142-19,ok,
Routt County Commissioner - District 1,117,1,Routt,102-91-42,ok,
Routt County Commissioner - District 1,118,1,Routt,102-446-20,ok,
Routt County Commissioner - District 1,119,1,Routt,102-340-17,ok,
Routt County Commissioner - District 1,121,1,Routt,102-413-46,ok,
Routt County Commissioner - District 1,122,1,Routt,102-45-46,ok,
Routt County Commissioner - District 1,125,1,Routt,102-473-22,ok,
Routt County Commissioner - District 1,128,1,Routt,102-611-30,ok,
Routt County Commissioner - District 1,130,1,Routt,102-121-31,ok,
Routt County Commissioner - District 1,133,1,Routt,102-333-34,ok,
Routt County Commissioner - District 1,134,1,Routt,102-82-19,ok,
Routt County Commissioner - District 1,135,1,Routt,102-284-30,ok,
Routt County Commissioner - District 1,136,1,Routt,102-107-6,ok,
Routt County Commissioner - District 1,137,1,Routt,102-290-44,ok,
Routt County Commissioner - District 1,138,1,Routt,102-531-26,ok,
Routt County Commissioner - District 1,139,1,Routt,102-47-31,ok,
Routt County Commissioner - District 1,140,1,Routt,102-231-24,ok,
Routt County Commissioner - District 1,141,1,Routt,102-281-28,ok,
Routt County Commissioner - District 1,143,1,Routt,102-278-17,ok,
Routt County Commissioner - District 1,145,1,Routt,102-302-40,ok,
Routt County Commissioner - District 1,146,1,Routt,102-404-12,ok,
Routt County Commissioner - District 1,149,1,Routt,102-582-46,ok,
Routt County Commissioner - District 1,150,1,Routt,102-47-5,ok,
Routt County Commissioner - District 1,153,1,Routt,102-489-2,ok,
Routt County Commissioner - District 1,154,1,Routt,102-518-26,ok,
Routt County Commissioner - District 1,155,1,Routt,102-505-29,ok,
Routt County Commissioner - District 1,156,1,Routt,102-222-37,ok,
Routt County Commissioner - District 1,157,1,Routt,102-514-50,ok,
Routt County Commissioner - District 1,158,1,Routt,102-111-2,ok,
Routt County Commissioner - District 1,159,1,Routt,102-37-48,ok,
Routt County Commissioner - District 1,160,1,Routt,102-182-14,ok,
Routt County Commissioner - District 1,161,1,Routt,102-219-2,ok,
Routt County Commissioner - District 1,162,1,Routt,102-130-38,ok,
Routt County Commissioner - District 1,167,1,Routt,102-561-30,ok,
Routt County Commissioner - District 1,169,1,Routt,102-125-41,ok,
Routt County Commissioner - District 1,171,1,Routt,102-611-26,ok,
Routt County Commissioner - District 1,172,1,Routt,102-162-25,ok,
Routt County Commissioner - District 1,173,1,Routt,102-525-22,ok,
Routt County Commissioner - District 1,175,1,Routt,102-176-48,ok,
Saguache County Commissioner District 1,1,1,Saguache,102-55-3,ok,
Saguache County Commissioner District 1,2,1,Saguache,102-67-12,ok,
Saguache County Commissioner District 1,3,1,Saguache,102-130-4,ok,
Saguache County Commissioner District 1,4,1,Saguache,102-14-21,ok,
Saguache County Commissioner District 1,5,1,Saguache,102-106-7,ok,
Saguache County Commissioner District 1,6,1,Saguache,102-137-6,ok,
Saguache County Commissioner District 1,7,1,Saguache,102-2-23,ok,
Saguache County Commissioner District 1,8,1,Saguache,102-59-11,ok,
Saguache County Commissioner District 1,9,1,Saguache,102-54-19,ok,
Saguache County Commissioner District 1,10,1,Saguache,102-115-14,ok,
Saguache County Commissioner District 1,11,1,Saguache,102-11-14,ok,
Saguache County Commissioner District 1,12,1,Saguache,102-124-20,ok,
Saguache County Commissioner District 1,13,1,Saguache,102-103-7,ok,
Saguache County Commissioner District 1,14,1,Saguache,102-87-6,ok,
Saguache County Commissioner District 1,15,1,Saguache,102-26-8,ok,
Saguache County Commissioner District 1,16,1,Saguache,102-20-2,ok,
Saguache County Commissioner District 1,17,1,Saguache,102-45-22,ok,
Saguache County Commissioner District 1,18,1,Saguache,102-11-4,ok,
Saguache County Commissioner District 1,19,1,Saguache,102-37-23,ok,
Saguache County Commissioner District 1,20,1,Saguache,102-76-1,ok,
Saguache County Commissioner District 1,21,1,Saguache,102-129-3,ok,
Saguache County Commissioner District 1,22,1,Saguache,102-114-18,ok,
Saguache County Commissioner District 1,23,1,Saguache,102-133-3,ok,
Saguache County Commissioner District 1,24,1,Saguache,102-121-10,ok,
Saguache County Commissioner District 1,25,1,Saguache,102-95-2,ok,
Saguache County Commissioner District 1,26,1,Saguache,102-128-24,ok,
Saguache County Commissioner District 1,27,1,Saguache,102-3-5,ok,
Saguache County Commissioner District 1,28,1,Saguache,102-58-22,ok,
Saguache County Commissioner District 1,29,1,Saguache,102-16-24,ok,
Saguache County Commissioner District 1,30,1,Saguache,102-45-1,ok,
Saguache County Commissioner District 1,31,1,Saguache,102-115-2,ok,
Saguache County Commissioner District 1,33,1,Saguache,102-80-20,ok,
Saguache County Commissioner District 1,34,1,Saguache,102-12-15,ok,
Saguache County Commissioner District 1,36,1,Saguache,102-51-19,ok,
Saguache County Commissioner District 1,37,1,Saguache,102-113-20,ok,
Saguache County Commissioner District 1,38,1,Saguache,102-94-22,ok,
Saguache County Commissioner District 1,39,1,Saguache,102-73-20,ok,
Saguache County Commissioner District 1,40,1,Saguache,102-13-7,ok,
Saguache County Commissioner District 1,41,1,Saguache,102-78-19,ok,
Saguache County Commissioner District 1,42,1,Saguache,102-17-4,ok,
Saguache County Commissioner District 1,43,1,Saguache,102-136-12,ok,
Saguache County Commissioner District 1,44,1,Saguache,102-51-19,ok,
Saguache County Commissioner District 1,45,1,Saguache,102-48-23,ok,
Saguache County Commissioner District 1,46,1,Saguache,102-42-7,ok,
Saguache County Commissioner District 1,47,1,Saguache,102-20-22,ok,
Saguache County Commissioner District 1,48,1,Saguache,102-52-3,ok,
Saguache County Commissioner District 1,49,1,Saguache,102-6-12,ok,
Saguache County Commissioner District 1,50,1,Saguache,102-35-14,ok,
Saguache County Commissioner District 1,51,1,Saguache,102-118-25,ok,
Saguache County Commissioner District 1,52,1,Saguache,102-131-25,ok,
Saguache County Commissioner District 1,53,1,Saguache,102-114-17,ok,
Saguache County Commissioner District 1,54,1,Saguache,102-72-10,ok,
Saguache County Commissioner District 1,55,1,Saguache,102-4-3,ok,
Saguache County Commissioner District 1,56,1,Saguache,102-37-17,ok,
Saguache County Commissioner District 1,57,1,Saguache,102-77-3,ok,
Saguache County Commissioner District 1,58,1,Saguache,102-11-8,ok,
Saguache County Commissioner District 1,59,1,Saguache,102-78-5,ok,
Saguache County Commissioner District 1,60,1,Saguache,102-51-1,ok,
Saguache County Commissioner District 1,61,1,Saguache,102-20-22,ok,
Saguache County Commissioner District 1,62,1,Saguache,102-83-7,ok,
Saguache County Commissioner District 1,63,1,Saguache,102-39-4,ok,
Saguache County Commissioner District 1,64,1,Saguache,102-52-9,ok,
Saguache County Commissioner District 1,65,1,Saguache,102-81-8,ok,
Saguache County Commissioner District 1,66,1,Saguache,102-9-21,ok,
Saguache County Commissioner District 1,67,1,Saguache,102-22-5,ok,
Saguache County Commissioner District 1,68,1,Saguache,102-100-1,ok,
Saguache County Commissioner District 1,69,1,Saguache,102-23-22,ok,
Saguache County Commissioner District 1,70,1,Saguache,102-48-24,ok,
Saguache County Commissioner District 1,71,1,Saguache,102-82-22,ok,
Saguache County Commissioner District 1,72,1,Saguache,102-114-25,ok,
Saguache County Commissioner District 1,73,1,Saguache,102-68-18,ok,
Saguache County Commissioner District 1,74,1,Saguache,102-96-25,ok,
Saguache County Commissioner District 1,75,1,Saguache,102-136-9,ok,
Saguache County Commissioner District 1,76,1,Saguache,102-29-20,ok,
Saguache County Commissioner District 1,77,1,Saguache,102-1-10,ok,
Saguache County Commissioner District 1,78,1,Saguache,102-90-15,ok,
Saguache County Commissioner District 1,79,1,Saguache,102-57-19,ok,
Saguache County Commissioner District 1,80,1,Saguache,102-122-8,ok,
Saguache County Commissioner District 1,81,1,Saguache,102-29-4,ok,
Saguache County Commissioner District 1,82,1,Saguache,102-85-4,ok,
Saguache County Commissioner District 1,83,1,Saguache,102-11-19,ok,
Saguache County Commissioner District 1,84,1,Saguache,102-133-12,ok,
Saguache County Commissioner District 1,85,1,Saguache,102-131-21,ok,
Saguache County Commissioner District 1,86,1,Saguache,102-53-9,ok,
Saguache County Commissioner District 1,87,1,Saguache,102-118-3,ok,
Saguache County Commissioner District 1,88,1,Saguache,102-85-17,ok,
Saguache County Commissioner District 1,89,1,Saguache,102-44-11,ok,
Saguache County Commissioner District 1,90,1,Saguache,102-118-7,ok,
Saguache County Commissioner District 1,91,1,Saguache,102-64-14,ok,
Saguache County Commissioner District 1,92,1,Saguache,102-123-17,ok,
Saguache County Commissioner District 1,93,1,Saguache,102-19-15,ok,
Saguache County Commissioner District 1,94,1,Saguache,102-2-7,ok,
Saguache County Commissioner District 1,95,1,Saguache,102-84-25,ok,
Saguache County Commissioner District 1,96,1,Saguache,102-102-19,ok,
Saguache County Commissioner District 1,97,1,Saguache,102-67-18,ok,
Saguache County Commissioner District 1,98,1,Saguache,102-70-6,ok,
Saguache County Commissioner District 1,99,1,Saguache,102-24-17,ok,
Saguache County Commissioner District 1,100,1,Saguache,102-120-8,ok,
Saguache County Commissioner District 1,101,1,Saguache,102-67-7,ok,
Saguache County Commissioner District 1,102,1,Saguache,102-137-12,ok,
Saguache County Commissioner District 1,103,1,Saguache,102-43-17,ok,
Saguache County Commissioner District 1,104,1,Saguache,102-98-2,ok,
Saguache County Commissioner District 1,105,1,Saguache,102-27-2,ok,
Saguache County Commissioner District 1,106,1,Saguache,102-40-24,ok,
Saguache County Commissioner District 1,107,1,Saguache,102-45-8,ok,
Saguache County Commissioner District 1,108,1,Saguache,102-79-20,ok,
Saguache County Commissioner District 1,109,1,Saguache,102-91-1,ok,
Saguache County Commissioner District 1,110,1,Saguache,102-132-17,ok,
Saguache County Commissioner District 1,111,1,Saguache,102-57-23,ok,
Saguache County Commissioner District 1,112,1,Saguache,102-44-19,ok,
Saguache County Commissioner District 1,113,1,Saguache,102-112-24,ok,
Saguache County Commissioner District 1,114,1,Saguache,102-96-13,ok,
Saguache County Commissioner District 1,115,1,Saguache,102-29-14,ok,
Saguache County Commissioner District 1,116,1,Saguache,102-49-1,ok,
Saguache County Commissioner District 1,117,1,Saguache,102-102-1,ok,
Saguache County Commissioner District 1,119,1,Saguache,102-42-3,ok,
Saguache County Commissioner District 1,120,1,Saguache,102-89-2,ok,
Saguache County Commissioner District 1,121,1,Saguache,102-35-2,ok,
Saguache County Commissioner District 1,122,1,Saguache,102-91-11,ok,
State Representative - District 10,1,1,Boulder,101-218-48,ok,
State Representative - District 10,2,1,Boulder,103-43-184,ok,
State Representative - District 10,3,1,Boulder,109-7-177,ok,
State Representative - District 10,4,1,Boulder,110-4-114,ok,
State Representative - District 10,5,1,Boulder,107-58-142,ok,
State Representative - District 10,6,1,Boulder,106-62-70,ok,
State Representative - District 10,8,1,Boulder,106-14-110,ok,
State Representative - District 10,9,1,Boulder,102-8-162,ok,
State Representative - District 10,10,1,Boulder,107-15-18,ok,
State Representative - District 10,11,1,Boulder,106-56-14,ok,
State Representative - District 10,12,1,Boulder,106-141-36,ok,
State Representative - District 10,13,1,Boulder,103-35-56,ok,
State Representative - District 10,15,1,Boulder,107-110-27,ok,
State Representative - District 10,16,1,Boulder,107-46-104,ok,
State Representative - District 10,17,1,Boulder,107-105-41,ok,
State Representative - District 10,18,1,Boulder,103-54-121,ok,
State Representative - District 10,19,1,Boulder,103-177-36,ok,
State Representative - District 10,20,1,Boulder,106-62-128,ok,
State Representative - District 10,22,1,Boulder,101-298-28,ok,
State Representative - District 10,23,1,Boulder,103-186-21,ok,
State Representative - District 10,24,1,Boulder,102-14-64,ok,
State Representative - District 10,26,1,Boulder,109-31-65,ok,
State Representative - District 10,27,1,Boulder,101-291-134,ok,
State Representative - District 10,28,1,Boulder,103-17-121,ok,
State Representative - District 10,29,1,Boulder,102-81-86,ok,
State Representative - District 10,30,1,Boulder,101-267-78,ok,
State Representative - District 10,31,1,Boulder,105-92-97,ok,
State Representative - District 10,32,1,Boulder,105-62-17,ok,
State Representative - District 10,33,1,Boulder,104-112-85,ok,
State Representative - District 10,34,1,Boulder,102-133-135,ok,
State Representative - District 10,35,1,Boulder,101-61-88,ok,
State Representative - District 10,36,1,Boulder,107-59-9,ok,
State Representative - District 10,38,1,Boulder,109-42-196,ok,
State Representative - District 10,39,1,Boulder,106-79-122,ok,
State Representative - District 10,40,1,Boulder,106-102-21,ok,
State Representative - District 10,42,1,Boulder,103-93-57,ok,
State Representative - District 10,43,1,Boulder,103-7-81,ok,
State Representative - District 10,44,1,Boulder,103-175-140,ok,
State Representative - District 10,45,1,Boulder,101-216-60,ok,
State Representative - District 10,46,1,Boulder,106-152-105,ok,
State Representative - District 10,47,1,Boulder,105-118-21,ok,
State Representative - District 10,49,1,Boulder,101-215-165,ok,
State Representative - District 10,50,1,Boulder,108-23-137,ok,
State Representative - District 10,51,1,Boulder,110-98-184,ok,
State Representative - District 10,52,1,Boulder,102-64-104,ok,
State Representative - District 10,53,1,Boulder,105-139-109,ok,
State Representative - District 10,54,1,Boulder,103-53-189,ok,
State Representative - District 10,55,1,Boulder,108-84-206,ok,
State Representative - District 10,56,1,Boulder,109-51-151,ok,
State Representative - District 10,57,1,Boulder,101-277-190,ok,
State Representative - District 10,59,1,Boulder,102-4-122,ok,
State Representative - District 10,60,1,Boulder,104-53-32,ok,
State Representative - District 10,61,1,Boulder,108-70-282,ok,
State Representative - District 10,62,1,Boulder,109-56-193,ok,
State Representative - District 10,63,1,Boulder,101-62-61,ok,
State Representative - District 10,64,1,Boulder,101-122-48,ok,
State Representative - District 10,65,1,Boulder,101-384-177,ok,
State Representative - District 10,66,1,Boulder,102-196-138,ok,
State Representative - District 10,67,1,Boulder,105-87-14,ok,
State Representative - District 10,68,1,Boulder,104-113-190,ok,
State Representative - District 10,69,1,Boulder,101-82-156,ok,
State Representative - District 10,71,1,Boulder,105-127-198,ok,
State Representative - District 10,72,1,Boulder,101-324-297,ok,
State Representative - District 10,73,1,Boulder,108-25-73,ok,
State Representative - District 10,74,1,Boulder,103-158-86,ok,
State Representative - District 10,75,1,Boulder,105-182-143,ok,
State Representative - District 10,76,1,Boulder,103-155-137,ok,
State Representative - District 10,77,1,Boulder,107-136-99,ok,
State Representative - District 10,78,1,Boulder,102-54-186,ok,
State Representative - District 10,79,1,Boulder,106-39-162,ok,
State Representative - District 10,80,1,Boulder,107-84-51,ok,
State Representative - District 10,81,1,Boulder,107-50-184,ok,
State Representative - District 10,82,1,Boulder,110-5-134,ok,
State Representative - District 10,83,1,Boulder,105-136-68,ok,
State Representative - District 10,84,1,Boulder,102-327-33,ok,
State Representative - District 10,85,1,Boulder,110-158-11,ok,
State Representative - District 10,86,1,Boulder,101-384-61,ok,
State Representative - District 10,87,1,Boulder,108-48-34,ok,
State Representative - District 10,88,1,Boulder,110-21-84,ok,
State Representative - District 10,89,1,Boulder,106-145-69,ok,
State Representative - District 10,90,1,Boulder,110-67-185,ok,
State Representative - District 10,91,1,Boulder,101-40-139,ok,
State Representative - District 10,92,1,Boulder,107-6-22,ok,
State Representative - District 10,93,1,Boulder,106-79-21,ok,
State Representative - District 10,94,1,Boulder,102-265-92,ok,
State Representative - District 10,95,1,Boulder,107-135-46,ok,
State Representative - District 10,96,1,Boulder,102-130-162,ok,
State Representative - District 10,97,1,Boulder,103-2-21,ok,
State Representative - District 10,98,1,Boulder,108-47-148,ok,
State Representative - District 10,99,1,Boulder,103-58-2,ok,
State Representative - District 10,100,1,Boulder,108-60-46,ok,
State Representative - District 10,101,1,Boulder,110-112-57,ok,
State Representative - District 10,102,1,Boulder,101-280-116,ok,
State Representative - District 10,103,1,Boulder,109-75-6,ok,
State Representative - District 10,104,1,Boulder,102-333-12,ok,
State Representative - District 10,105,1,Boulder,104-36-128,ok,
State Representative - District 10,106,1,Boulder,101-219-33,ok,
Teller County Ballot Question 1A,48,1,Teller,102-699-18,ok,
Town of Springfield Ballot Issue 2A,2,1,Baca,102-25-20,ok,
Town of Springfield Ballot Issue 2A,3,1,Baca,102-1-4,ok,
Town of Springfield Ballot Issue 2A,4,1,Baca,102-9-4,ok,
Town of Springfield Ballot Issue 2A,5,1,Baca,102-55-22,ok,
Town of Springfield Ballot Issue 2A,6,1,Baca,102-22-8,ok,
Town of Springfield Ballot Issue 2A,7,1,Baca,102-9-13,ok,
Town of Springfield Ballot Issue 2A,8,1,Baca,102-37-10,ok,
Town of Springfield Ballot Issue 2A,10,1,Baca,102-62-20,ok,
Town of Springfield Ballot Issue 2A,15,1,Baca,102-9-2,ok,
Town of Springfield Ballot Issue 2A,16,1,Baca,102-50-2,ok,
Town of Springfield Ballot Issue 2A,17,1,Baca,102-33-11,ok,
Town of Springfield Ballot Issue 2A,19,1,Baca,102-84-24,ok,
Town of Springfield Ballot Issue 2A,21,1,Baca,102-53-21,ok,
Town of Springfield Ballot Issue 2A,22,1,Baca,102-37-18,ok,
Town of Springfield Ballot Issue 2A,23,1,Baca,102-31-21,ok,
Town of Springfield Ballot Issue 2A,24,1,Baca,102-84-5,ok,
Town of Springfield Ballot Issue 2A,25,1,Baca,102-34-14,ok,
Town of Springfield Ballot Issue 2A,26,1,Baca,102-20-12,ok,
Town of Springfield Ballot Issue 2A,32,1,Baca,102-54-11,ok,
Town of Springfield Ballot Issue 2A,34,1,Baca,102-49-21,ok,
Town of Springfield Ballot Issue 2A,35,1,Baca,102-6-8,ok,
Town of Springfield Ballot Issue 2A,36,1,Baca,102-1-1,ok,
Town of Springfield Ballot Issue 2A,37,1,Baca,102-32-21,ok,
Town of Springfield Ballot Issue 2A,38,1,Baca,102-29-6,ok,
Town of Springfield Ballot Issue 2A,40,1,Baca,102-72-8,ok,
Town of Springfield Ballot Issue 2A,41,1,Baca,102-9-21,ok,
Town of Springfield Ballot Issue 2A,42,1,Baca,102-25-17,ok,
Town of Springfield Ballot Issue 2A,43,1,Baca,102-81-18,ok,
Town of Springfield Ballot Issue 2A,46,1,Baca,102-81-14,ok,
Town of Springfield Ballot Issue 2A,48,1,Baca,102-32-14,ok,
Town of Springfield Ballot Issue 2A,51,1,Baca,102-52-11,ok,
Town of Springfield Ballot Issue 2A,54,1,Baca,102-34-3,ok,
Town of Springfield Ballot Issue 2A,55,1,Baca,102-13-2,ok,
Town of Springfield Ballot Issue 2A,57,1,Baca,102-5-2,ok,
Town of Springfield Ballot Issue 2A,58,1,Baca,102-85-24,ok,
Town of Springfield Ballot Issue 2A,59,1,Baca,102-11-15,ok,
Town of Springfield Ballot Issue 2A,60,1,Baca,102-9-22,ok,
Town of Springfield Ballot Issue 2A,61,1,Baca,102-17-25,ok,
Town of Springfield Ballot Issue 2A,62,1,Baca,102-55-19,ok,
Town of Springfield Ballot Issue 2A,63,1,Baca,102-30-9,ok,
Town of Springfield Ballot Issue 2A,64,1,Baca,102-75-18,ok,
Town of Springfield Ballot Issue 2A,66,1,Baca,102-64-21,ok,
Town of Springfield Ballot Issue 2A,67,1,Baca,102-16-13,ok,
Town of Springfield Ballot Issue 2A,68,1,Baca,102-6-17,ok,
Town of Springfield Ballot Issue 2A,69,1,Baca,102-26-18,ok,
Town of Springfield Ballot Issue 2A,74,1,Baca,102-16-19,ok,
Town of Springfield Ballot Issue 2A,75,1,Baca,102-7-11,ok,
Town of Springfield Ballot Issue 2A,76,1,Baca,102-39-10,ok,
Town of Springfield Ballot Issue 2A,77,1,Baca,102-7-23,ok,
Town of Springfield Ballot Issue 2A,78,1,Baca,102-38-21,ok,
Town of Springfield Ballot Issue 2A,79,1,Baca,102-77-9,ok,
Town of Springfield Ballot Issue 2A,80,1,Baca,102-32-5,ok,
Town of Springfield Ballot Issue 2A,81,1,Baca,102-26-10,ok,
Town of Springfield Ballot Issue 2A,84,1,Baca,102-88-18,ok,
Town of Springfield Ballot Issue 2A,85,1,Baca,102-39-15,ok,
Town of Springfield Ballot Issue 2A,87,1,Baca,102-50-6,ok,
Town of Springfield Ballot Issue 2A,90,1,Baca,102-76-15,ok,
Town of Springfield Ballot Issue 2A,91,1,Baca,102-77-16,ok,
Town of Springfield Ballot Issue 2A,92,1,Baca,102-12-23,ok,
